Name,Default Code,List Price,Cost,Description,Quantity On Hand
10 Ft Backlit Trade Show Display Design 1 Product Image Bblntboo101 1 Us,SKU-0001,29.99,10.0,Signs - Product 1,50
10 Ft Backlit Trade Show Display Design 2 Product Image Bblntboo102 1 Us,SKU-0002,29.99,10.0,Signs - Product 2,50
10 Ft Backlit Trade Show Display Design 5 Product Image Bblntboo105 1 Us,SKU-0003,29.99,10.0,Signs - Product 3,50
10 Ft Backlit Trade Show Display Design 6 Product Image Bblntboo106 1 Us,SKU-0004,29.99,10.0,Signs - Product 4,50
10 Ft Trade Show Booth Design 1 45 Degree Bbexbboo101 1 Us,SKU-0005,29.99,10.0,Signs - Product 5,50
10 Ft Trade Show Booth Design 2 45 Degree Bbexbboo102 1 Us,SKU-0006,29.99,10.0,Signs - Product 6,50
10 Ft Trade Show Booth Design 3 45 Degree Bbexbboo103 1 Us,SKU-0007,29.99,10.0,Signs - Product 7,50
10 Ft Trade Show Booth Design 4 45 Degree Bbexbboo104 1 Us,SKU-0008,29.99,10.0,Signs - Product 8,50
10 Ft Trade Show Booth Design 5 45 Degree Bbexbboo105 1 Us,SKU-0009,29.99,10.0,Signs - Product 9,50
10 Ft Trade Show Booth Design 6 45 Degree Bbexbboo108 1 Us,SKU-0010,29.99,10.0,Signs - Product 10,50
10 Ft Trade Show Booth Design 7 45 Degree Bbexbboo110 1 Us,SKU-0011,29.99,10.0,Signs - Product 11,50
10 Ft Trade Show Booth Design 8 45 Degree Bbexbboo115 1 Us,SKU-0012,29.99,10.0,Signs - Product 12,50
10 Ft Trade Show Booth Design 9 45 Degree Bbexbboo116 1 Us,SKU-0013,29.99,10.0,Signs - Product 13,50
10x10ft Magnetic Modular Fabric Displays B 45 Degree Bbmgmfdus07 1,SKU-0014,29.99,10.0,Displays - Product 14,50
10x10ft Magnetic Modular Fabric Displays A 45 Degree Bbmgmfdls06 1,SKU-0015,29.99,10.0,Displays - Product 15,50
10x10ft Magnetic Modular Fabric Displays C 45 Degree Bbmgmfdlss08 1,SKU-0016,29.99,10.0,Displays - Product 16,50
10x10ft Magnetic Modular Fabric Displays E 45 Degree Bbmgmfdlsc10 1,SKU-0017,29.99,10.0,Displays - Product 17,50
13x10ft Magnetic Modular Fabric Displays A 45 Degree Bbmgmfdcs11 1,SKU-0018,29.99,10.0,Displays - Product 18,50
13x10ft Magnetic Modular Fabric Displays B 45 Degree Bbmgmfdtsb12 1,SKU-0019,29.99,10.0,Displays - Product 19,50
13x13ft Magnetic Modular Fabric Displays A 45 Degree Bbmgmfdcis13 1,SKU-0020,29.99,10.0,Displays - Product 20,50
13x13ft Magnetic Modular Fabric Displays B 45 Degree Bbmgmfdtis14 1,SKU-0021,29.99,10.0,Displays - Product 21,50
13x13ft Magnetic Modular Fabric Displays C 45 Degree Bbmgmfddcls15 1,SKU-0022,29.99,10.0,Displays - Product 22,50
1 4 1,SKU-0023,29.99,10.0,Accessories - Product 23,50
20 Ft Backlit Trade Show Display Design 1 Product Image Bblntboo201 1 Us,SKU-0024,29.99,10.0,Signs - Product 24,50
20 Ft Backlit Trade Show Display Design 3 Product Image Bblntboo203 1 Us,SKU-0025,29.99,10.0,Signs - Product 25,50
20 Ft Backlit Trade Show Display Design 4 Product Image Bblntboo204 1 Us,SKU-0026,29.99,10.0,Signs - Product 26,50
20 Ft Backlit Trade Show Display Design 5 Product Image Bblntboo205 1 Us,SKU-0027,29.99,10.0,Signs - Product 27,50
20 Ft Backlit Trade Show Display Design 8 Product Image Bblntboo208 1 Us,SKU-0028,29.99,10.0,Signs - Product 28,50
20 Ft Trade Show Booth Design 1 45 Degree Bbexbboo201 1 Us,SKU-0029,29.99,10.0,Signs - Product 29,50
20 Ft Trade Show Booth Design 10 45 Degree Bbexbboo223 1 Us,SKU-0030,29.99,10.0,Signs - Product 30,50
20 Ft Trade Show Booth Design 2 45 Degree Bbexbboo203 1 Us,SKU-0031,29.99,10.0,Signs - Product 31,50
20 Ft Trade Show Booth Design 3 45 Degree Bbexbboo204 1 Us,SKU-0032,29.99,10.0,Signs - Product 32,50
20 Ft Trade Show Booth Design 4 45 Degree Bbexbboo205 1 Us,SKU-0033,29.99,10.0,Signs - Product 33,50
20 Ft Trade Show Booth Design 5 45 Degree Bbexbboo206 1 Us,SKU-0034,29.99,10.0,Signs - Product 34,50
20 Ft Trade Show Booth Design 6 45 Degree Bbexbboo210 1 Us,SKU-0035,29.99,10.0,Signs - Product 35,50
20ft Inline Trade Show Booth Modular Fabric Display With Podium Shelves Led Lights First Image Bbexb,SKU-0036,29.99,10.0,Displays - Product 36,50
250thidayprep C1 B1 0106 1406 Us Cb 1920x380 Accessories,SKU-0037,29.99,10.0,Accessories - Product 37,50
250thidayprep C1 B1 0106 1406 Us Cb 1920x380 Banners,SKU-0038,29.99,10.0,Banners - Product 38,50
250thidayprep C1 B1 0106 1406 Us Cb 1920x380 Custom Flags,SKU-0039,29.99,10.0,Flags - Product 39,50
250thidayprep C1 B1 0106 1406 Us Cb 1920x380 Marketing Material,SKU-0040,29.99,10.0,Accessories - Product 40,50
250thidayprep C1 B1 0106 1406 Us Cb 1920x380 Table Covers Displays,SKU-0041,29.99,10.0,Displays - Product 41,50
250thidayprep C1 B1 0106 1406 Us Cb 1920x380 Windowdecale,SKU-0042,29.99,10.0,Decals - Product 42,50
505 Convertible Adjustable Table Covers Lifestyle Image Cfmcat01 1 Us,SKU-0043,29.99,10.0,Table Covers - Product 43,50
505 Cross Over Table Covers Lifestyle Image Cfmcot01 1 Us,SKU-0044,29.99,10.0,Table Covers - Product 44,50
505 Fitted Table Covers Lifestyle Image Cfmftc01 1 Us,SKU-0045,29.99,10.0,Table Covers - Product 45,50
505 Open Corner Table Covers Lifestyle Image Bboctc01 1 Us,SKU-0046,29.99,10.0,Table Covers - Product 46,50
505 Pleated Banquet Chair Covers Lifestyle Image Bbpbcc01 1 Us,SKU-0047,29.99,10.0,Table Covers - Product 47,50
505 Pleated Table Covers Lifestyle Image Cfmptc01 1 Us,SKU-0048,29.99,10.0,Table Covers - Product 48,50
505 Premium Full Color Table Covers Throws Lifestyle Image Bbctct01 1 Us,SKU-0049,29.99,10.0,Table Covers - Product 49,50
505 Rectangle Table Toppers Lifestyle Image Cfmtat01 1 Us,SKU-0050,29.99,10.0,Table Covers - Product 50,50
505 Round Fitted Table Covers Lifestyle Image Cfmrft01 1 Us,SKU-0051,29.99,10.0,Table Covers - Product 51,50
505 Round Stretch Table Covers Lifestyle Image Cfmrst01 1 Us,SKU-0052,29.99,10.0,Table Covers - Product 52,50
505 Round Table Throws Lifestyle Image Bbrtt01 1 Us,SKU-0053,29.99,10.0,Table Covers - Product 53,50
505 Round Table Toppers Lifestyle Image Cfmrsc01 1 Us,SKU-0054,29.99,10.0,Table Covers - Product 54,50
505 Stretch Table Covers Lifestyle Image Cfmstc01 1 Us,SKU-0055,29.99,10.0,Table Covers - Product 55,50
505 Stretched Banquet Chair Covers Lifestyle Image Bbsbcc01 1 Us,SKU-0056,29.99,10.0,Table Covers - Product 56,50
505 Table Runners Lifestyle Image Bbcstr01 1 Us,SKU-0057,29.99,10.0,Table Covers - Product 57,50
65x65ft Magnetic Modular Fabric Displays D 45 Degree Bbmgmfdsbs04 1,SKU-0058,29.99,10.0,Displays - Product 58,50
65x65ft Magnetic Modular Fabric Displays E 45 Degree Bbmgmfdcis05 1,SKU-0059,29.99,10.0,Displays - Product 59,50
Acrylic Sfh 01 4460,SKU-0060,29.99,10.0,Accessories - Product 60,50
Bb Categorybanners Banners 20210201 4,SKU-0061,29.99,10.0,Banners - Product 61,50
Bb Categorybanners Marketingmaterial 20210201 4,SKU-0062,29.99,10.0,Banners - Product 62,50
Bb Categorybanners Signsanddecals 20210201,SKU-0063,29.99,10.0,Banners - Product 63,50
Businesscards 4467,SKU-0064,29.99,10.0,Accessories - Product 64,50
Campaign Thumb 01 5574,SKU-0065,29.99,10.0,Accessories - Product 65,50
Canvas 4564,SKU-0066,29.99,10.0,Accessories - Product 66,50
Category Accsessories,SKU-0067,29.99,10.0,Accessories - Product 67,50
Customdecalsheroes Permanentdecals 8300,SKU-0068,29.99,10.0,Decals - Product 68,50
Customdecalsheroes Vinyllettering 8301,SKU-0069,29.99,10.0,Decals - Product 69,50
Customdecalsheroes Walldecals 8302,SKU-0070,29.99,10.0,Decals - Product 70,50
Customflags 01 4470,SKU-0071,29.99,10.0,Flags - Product 71,50
Fabricbanner 01 4471,SKU-0072,29.99,10.0,Banners - Product 72,50
Featherflags 01 4473,SKU-0073,29.99,10.0,Flags - Product 73,50
Flags 1920x380px 1,SKU-0074,29.99,10.0,Flags - Product 74,50
Metalprints 01 4483,SKU-0075,29.99,10.0,Accessories - Product 75,50
Promotional Magnets Thumbnail 7223,SKU-0076,29.99,10.0,Accessories - Product 76,50
Real Estate Signs 14766,SKU-0077,29.99,10.0,Signs - Product 77,50
Respositionable Decal 01 4493,SKU-0078,29.99,10.0,Decals - Product 78,50
Retail 01 4495,SKU-0079,29.99,10.0,Accessories - Product 79,50
Retractable 4496,SKU-0080,29.99,10.0,Table Covers - Product 80,50
Rigidplastic 01 4497,SKU-0081,29.99,10.0,Accessories - Product 81,50
Standardaluminum 01 4498,SKU-0082,29.99,10.0,Accessories - Product 82,50
Step N Repeat 01 4499,SKU-0083,29.99,10.0,Accessories - Product 83,50
Stickers Top Nav Image 01 6794,SKU-0084,29.99,10.0,Accessories - Product 84,50
Table Covers Al Hero 10927 Thumbnail2x,SKU-0085,29.99,10.0,Table Covers - Product 85,50
Table Covers Displays 1920x380px 1,SKU-0086,29.99,10.0,Displays - Product 86,50
Teardropflag 01 4503,SKU-0087,29.99,10.0,Flags - Product 87,50
Tradeshow Display Budget Friendly 1,SKU-0088,29.99,10.0,Displays - Product 88,50
Tradeshow Display Sizes 9,SKU-0089,29.99,10.0,Displays - Product 89,50
Tradeshow Display Types 9,SKU-0090,29.99,10.0,Displays - Product 90,50
Vehicle Magnets 01 4513,SKU-0091,29.99,10.0,Accessories - Product 91,50
Vinyl Lettering 01 4514,SKU-0092,29.99,10.0,Accessories - Product 92,50
Vinyl Banner Real Estate Signs A,SKU-0093,29.99,10.0,Banners - Product 93,50
Windowdecals Perforated 4523,SKU-0094,29.99,10.0,Decals - Product 94,50
Yardsign 01 4526,SKU-0095,29.99,10.0,Signs - Product 95,50
A101 Bbcanb01 1 Us,SKU-0096,29.99,10.0,Accessories - Product 96,50
A101 Bbcdcd01 1 Us,SKU-0097,29.99,10.0,Accessories - Product 97,50
A101 Bbcfmpf 1 Us,SKU-0098,29.99,10.0,Accessories - Product 98,50
A101 Bbclc01 1 Us,SKU-0099,29.99,10.0,Accessories - Product 99,50
A101 Bbcm01 1 Us,SKU-0100,29.99,10.0,Accessories - Product 100,50
A101 Bbcusf01 1 Us,SKU-0101,29.99,10.0,Accessories - Product 101,50
A101 Bbdh01 1 Us,SKU-0102,29.99,10.0,Accessories - Product 102,50
A101 Bbdsfb01 1 Us,SKU-0103,29.99,10.0,Accessories - Product 103,50
A101 Bbevt01 1 Us,SKU-0104,29.99,10.0,Accessories - Product 104,50
A101 Bbfdsc01 1 Us,SKU-0105,29.99,10.0,Accessories - Product 105,50
A101 Bbfdsc02 1 Us,SKU-0106,29.99,10.0,Accessories - Product 106,50
A101 Bbhcbb01 1 Us,SKU-0107,29.99,10.0,Accessories - Product 107,50
A101 Bbly01 1 Us,SKU-0108,29.99,10.0,Accessories - Product 108,50
A101 Bbmesf01 1 Us,SKU-0109,29.99,10.0,Accessories - Product 109,50
A101 Bbnp01 1 Us,SKU-0110,29.99,10.0,Accessories - Product 110,50
A101 Bbosc01 1 Us,SKU-0111,29.99,10.0,Accessories - Product 111,50
A101 Bbpklb01 1 Us,SKU-0112,29.99,10.0,Accessories - Product 112,50
A101 Bbprpp01 1 Us,SKU-0113,29.99,10.0,Accessories - Product 113,50
A101 Bbpst01 1 Us,SKU-0114,29.99,10.0,Accessories - Product 114,50
A101 Bbpsvd02 1 Us,SKU-0115,29.99,10.0,Accessories - Product 115,50
A101 Bbpsvl01 2 Us,SKU-0116,29.99,10.0,Accessories - Product 116,50
A101 Bbrc01 1 Us,SKU-0117,29.99,10.0,Accessories - Product 117,50
A101 Bbrdipf02 1 Us,SKU-0118,29.99,10.0,Accessories - Product 118,50
A101 Bbrdpf02 1 Us,SKU-0119,29.99,10.0,Accessories - Product 119,50
A101 Bbsbc01 1 Us,SKU-0120,29.99,10.0,Accessories - Product 120,50
A101 Bbsks01 1 Us,SKU-0121,29.99,10.0,Accessories - Product 121,50
A101 Bbspc01 1 Us,SKU-0122,29.99,10.0,Accessories - Product 122,50
A101 Bbtc01 1 Us,SKU-0123,29.99,10.0,Accessories - Product 123,50
A101 Bbvehl01 2 Us,SKU-0124,29.99,10.0,Accessories - Product 124,50
A101 Bbwblb01 1 Us,SKU-0125,29.99,10.0,Accessories - Product 125,50
A101 Bbwd01 1 Us,SKU-0126,29.99,10.0,Accessories - Product 126,50
A101 Bbwinl01 2 Us,SKU-0127,29.99,10.0,Accessories - Product 127,50
A101 Esmefr01 1 Us,SKU-0128,29.99,10.0,Accessories - Product 128,50
A101 Essdbl01 1 Us,SKU-0129,29.99,10.0,Accessories - Product 129,50
A101 Essdwh01 1 Us,SKU-0130,29.99,10.0,Accessories - Product 130,50
A101 Hctt01 1 Us,SKU-0131,29.99,10.0,Accessories - Product 131,50
A101 Naltsb02 1 Us,SKU-0132,29.99,10.0,Accessories - Product 132,50
A101 Naltsb04 1 Us,SKU-0133,29.99,10.0,Accessories - Product 133,50
A101 Upbopr01 1 Us,SKU-0134,29.99,10.0,Accessories - Product 134,50
A101 Upbufy01 1 Us,SKU-0135,29.99,10.0,Accessories - Product 135,50
A101 Upbufy02 1 Us,SKU-0136,29.99,10.0,Accessories - Product 136,50
A101 Upclfl01 1 Us,SKU-0137,29.99,10.0,Accessories - Product 137,50
A101 Upctsl01 1 Us,SKU-0138,29.99,10.0,Accessories - Product 138,50
A101 Updcbc06 1 Us,SKU-0139,29.99,10.0,Accessories - Product 139,50
Acrylic Letters And Numbers Lifestyle Image Bbrdal01 1 Us,SKU-0140,29.99,10.0,Accessories - Product 140,50
Alc202 Bbbun01 1 Us,SKU-0141,29.99,10.0,Accessories - Product 141,50
Alc202 Bbnr01 1,SKU-0142,29.99,10.0,Accessories - Product 142,50
Alc202 Bbsg01 1 Us,SKU-0143,29.99,10.0,Accessories - Product 143,50
Alc202 Bbzt01 1 Us,SKU-0144,29.99,10.0,Accessories - Product 144,50
Backlit Banner Lifestyle Bbblit01 1,SKU-0145,29.99,10.0,Banners - Product 145,50
Bbbct01 1,SKU-0146,29.99,10.0,Accessories - Product 146,50
Bbcdsc02 Car Decals Stickers Clear 1,SKU-0147,29.99,10.0,Decals - Product 147,50
Bbcdscdc02 Die Cut Car Decals Stickers Clear R,SKU-0148,29.99,10.0,Decals - Product 148,50
Bbexbood01 1,SKU-0149,29.99,10.0,Accessories - Product 149,50
Bbexbood122 1,SKU-0150,29.99,10.0,Accessories - Product 150,50
Bbexbood211 1,SKU-0151,29.99,10.0,Accessories - Product 151,50
Bbexbood221 1,SKU-0152,29.99,10.0,Accessories - Product 152,50
Bbexbood311 1,SKU-0153,29.99,10.0,Accessories - Product 153,50
Bbexbood321 1 1,SKU-0154,29.99,10.0,Accessories - Product 154,50
Bbexbood521 1,SKU-0155,29.99,10.0,Accessories - Product 155,50
Bbexbood621 1,SKU-0156,29.99,10.0,Accessories - Product 156,50
Bbexbood721 1,SKU-0157,29.99,10.0,Accessories - Product 157,50
Bbpls05 1,SKU-0158,29.99,10.0,Accessories - Product 158,50
Bbprf01 1 Us N,SKU-0159,29.99,10.0,Accessories - Product 159,50
Bbrefl01 1 Us 1,SKU-0160,29.99,10.0,Accessories - Product 160,50
Beauty Salon Neon Signs Lifestyle Image 1 Bbbsns15 1 Us,SKU-0161,29.99,10.0,Signs - Product 161,50
Billboard Printing Lifestyle Bbvbbp01 1,SKU-0162,29.99,10.0,Accessories - Product 162,50
Breakaway Banner Lifestyle Bbbraw01 1,SKU-0163,29.99,10.0,Banners - Product 163,50
Bubble Free Car Decal Bb 09,SKU-0164,29.99,10.0,Decals - Product 164,50
Bubble Free Car Decal Die Cut 1,SKU-0165,29.99,10.0,Decals - Product 165,50
Bubble Free Vinyl Decals Lifestyle Image Bbgpsvd01 1 Us,SKU-0166,29.99,10.0,Decals - Product 166,50
Bubble Free Window Decals Lifestyle Bbgdldo01 1 Us 1,SKU-0167,29.99,10.0,Decals - Product 167,50
Bumper Stickers4,SKU-0168,29.99,10.0,Accessories - Product 168,50
Car Decals Stickers Opaque 0,SKU-0169,29.99,10.0,Decals - Product 169,50
Car Decals Stickers Opaque Flash Cut 0,SKU-0170,29.99,10.0,Decals - Product 170,50
Cfmswf01 1 Us 1,SKU-0171,29.99,10.0,Accessories - Product 171,50
Cfmttb01 1 Us,SKU-0172,29.99,10.0,Accessories - Product 172,50
Cfmttb02 1 Us 1,SKU-0173,29.99,10.0,Accessories - Product 173,50
Cfmttb03 1 Us,SKU-0174,29.99,10.0,Accessories - Product 174,50
Christmas Neon Signs Lifestyle Image 1 Bbcns N03 1 Us,SKU-0175,29.99,10.0,Signs - Product 175,50
Church Home 1,SKU-0176,29.99,10.0,Accessories - Product 176,50
Circlestickers 1,SKU-0177,29.99,10.0,Accessories - Product 177,50
Clear 8233,SKU-0178,29.99,10.0,Accessories - Product 178,50
Clear Window Clings Lifestyle Bbwssc01 1 Us 2,SKU-0179,29.99,10.0,Accessories - Product 179,50
Compact Display Package Front View Bbtsp04 1 Us,SKU-0180,29.99,10.0,Displays - Product 180,50
Counter Card Thumb 6587,SKU-0181,29.99,10.0,Accessories - Product 181,50
Curbside Pick Up 1,SKU-0182,29.99,10.0,Accessories - Product 182,50
Custom Led Logo Neon Signs Lifestyle Image 1 Bbnslns001 1 Us,SKU-0183,29.99,10.0,Signs - Product 183,50
Custom License Plates New,SKU-0184,29.99,10.0,Accessories - Product 184,50
Custom Premium Vinyl Banner,SKU-0185,29.99,10.0,Banners - Product 185,50
Custom Table Skirt Lifestyle Image Bbcskirt01 1 Us V1,SKU-0186,29.99,10.0,Table Covers - Product 186,50
Customstickers 1,SKU-0187,29.99,10.0,Accessories - Product 187,50
Destructible Asset Labels Lifestyle Bbassettag06 1 Us Ni,SKU-0188,29.99,10.0,Accessories - Product 188,50
Die Cut Clear Window Clings Lifestyle Bbcdsc01 1 Us 1,SKU-0189,29.99,10.0,Accessories - Product 189,50
Die Cut Clear Window Decals Lifestyle Bbwsdc02 1 Us 1,SKU-0190,29.99,10.0,Decals - Product 190,50
Die Cut Decals Lifestyle Image Bbdcd01 1 Us,SKU-0191,29.99,10.0,Decals - Product 191,50
Die Cut Opaque Window Clings Lifestyle Bbodsc01 1 Us 1,SKU-0192,29.99,10.0,Accessories - Product 192,50
Die Cut Window Decals Opaque Lifestyle Bbdldodc01 1 Us 1,SKU-0193,29.99,10.0,Decals - Product 193,50
Diecutstickers 1,SKU-0194,29.99,10.0,Accessories - Product 194,50
Display Package For 20 Ft X 10 Ft Trade Show Booth Front View Bbtsp06 1 Us,SKU-0195,29.99,10.0,Displays - Product 195,50
Fab Icon,SKU-0196,29.99,10.0,Accessories - Product 196,50
Gaming Neon Signs Lifestyle Image 1 Bbgns N11 1 Us,SKU-0197,29.99,10.0,Signs - Product 197,50
Gmgfgp01 1 Us V1,SKU-0198,29.99,10.0,Accessories - Product 198,50
Halloween Neon Signs Lifestyle Image 1 Bbhns N04 1 Us,SKU-0199,29.99,10.0,Signs - Product 199,50
Halo Lit Acrylic Letters Letters Letters Lifestyle Image Albllnled01 1 Us,SKU-0200,29.99,10.0,Accessories - Product 200,50
Halo Lit Brass Letters Lifestyle Image Albllnled05 1 Us,SKU-0201,29.99,10.0,Accessories - Product 201,50
Inspirational Neon Signs Lifestyle Image 1 Bbins N07 1 Us,SKU-0202,29.99,10.0,Signs - Product 202,50
Keep Out 1,SKU-0203,29.99,10.0,Accessories - Product 203,50
Kids Neon Signs Lifestyle Image 1 Bbkns N10 1 Us,SKU-0204,29.99,10.0,Signs - Product 204,50
Laminated Barcode Labels Lifestyle Bbassettag08 1 Us Ni,SKU-0205,29.99,10.0,Accessories - Product 205,50
Led Acrylic Letters Letters Lifestyle Image Albllnled02 1 Us,SKU-0206,29.99,10.0,Accessories - Product 206,50
Logo 48,SKU-0207,29.99,10.0,Accessories - Product 207,50
Mag101 Bbcms01 1 Us,SKU-0208,29.99,10.0,Accessories - Product 208,50
Mag101 Bbmssg01 1 Us,SKU-0209,29.99,10.0,Accessories - Product 209,50
Mag101 Bbmsvm01 1 Us,SKU-0210,29.99,10.0,Accessories - Product 210,50
Metal Asset Labels Aluminum Flexicurve Lifestyle Bbassettag12 1 Us Ni,SKU-0211,29.99,10.0,Accessories - Product 211,50
Metal Asset Labels Aluminum Foil Lifestyle Bbassettag02 1 Us Ni,SKU-0212,29.99,10.0,Accessories - Product 212,50
Metal Asset Tags Aluminum Lifestyle Bbassettag01 1 Us Ni,SKU-0213,29.99,10.0,Accessories - Product 213,50
Metal Barcode Labels Lifestyle Bbassettag07 1 Us Ni,SKU-0214,29.99,10.0,Accessories - Product 214,50
N01 Bbbgfg01 1 Us,SKU-0215,29.99,10.0,Accessories - Product 215,50
N01 Bbcarf01 1 Us,SKU-0216,29.99,10.0,Accessories - Product 216,50
N01 Bbcfmbpf03 1 Us,SKU-0217,29.99,10.0,Accessories - Product 217,50
N01 Bbcfmcf03 1 Us,SKU-0218,29.99,10.0,Accessories - Product 218,50
N01 Bbcfmgnf 1 Us,SKU-0219,29.99,10.0,Accessories - Product 219,50
N01 Bbcfmhf 1 Us,SKU-0220,29.99,10.0,Accessories - Product 220,50
N01 Bbcvfg01 1 Us,SKU-0221,29.99,10.0,Accessories - Product 221,50
N01 Bbfrfg01 1 Us,SKU-0222,29.99,10.0,Accessories - Product 222,50
N01 Bbfrfgm02 1 Us,SKU-0223,29.99,10.0,Accessories - Product 223,50
N01 Bbhcfmhf 1 Us,SKU-0224,29.99,10.0,Accessories - Product 224,50
N01 Bblf01 1 Us,SKU-0225,29.99,10.0,Accessories - Product 225,50
N01 Bbppff04 1 Us,SKU-0226,29.99,10.0,Accessories - Product 226,50
N01 Bbppff08 1 Us,SKU-0227,29.99,10.0,Accessories - Product 227,50
N01 Bbppff09 1 Us,SKU-0228,29.99,10.0,Accessories - Product 228,50
N01 Bbrmtf01 1 Us,SKU-0229,29.99,10.0,Accessories - Product 229,50
N01 Bbsfif01 1 Us,SKU-0230,29.99,10.0,Accessories - Product 230,50
N01 Bbtrfg01 1 Us,SKU-0231,29.99,10.0,Accessories - Product 231,50
N01 Wsrdpf01 1 Us,SKU-0232,29.99,10.0,Accessories - Product 232,50
N0 Bbcb01 1 Us,SKU-0233,29.99,10.0,Accessories - Product 233,50
N0 Bbcfmbpf 1 Us,SKU-0234,29.99,10.0,Accessories - Product 234,50
N0 Bbcfmcf02 1 Us,SKU-0235,29.99,10.0,Accessories - Product 235,50
N0 Bbcfmcf 1 Us,SKU-0236,29.99,10.0,Accessories - Product 236,50
N0 Bbcfmdf02 1 Us,SKU-0237,29.99,10.0,Accessories - Product 237,50
N0 Bbcfmdf 1 Us,SKU-0238,29.99,10.0,Accessories - Product 238,50
N0 Bbcfmgf01 1 Us,SKU-0239,29.99,10.0,Accessories - Product 239,50
N0 Bbcfmgf02 1 Us,SKU-0240,29.99,10.0,Accessories - Product 240,50
N0 Bbcfmscf02 1 Us,SKU-0241,29.99,10.0,Accessories - Product 241,50
N0 Bbcfmscf 1 Us,SKU-0242,29.99,10.0,Accessories - Product 242,50
N0 Bbmesb01 1 Us,SKU-0243,29.99,10.0,Accessories - Product 243,50
N0 Bbpls07 1,SKU-0244,29.99,10.0,Accessories - Product 244,50
N0 Bbpls24 1,SKU-0245,29.99,10.0,Accessories - Product 245,50
N0 Bbpolb01 2 Us,SKU-0246,29.99,10.0,Accessories - Product 246,50
N0 Bbppff01 1 Us,SKU-0247,29.99,10.0,Accessories - Product 247,50
N0 Bbppff02 1 Us,SKU-0248,29.99,10.0,Accessories - Product 248,50
N0 Bbppff03 1 Us,SKU-0249,29.99,10.0,Accessories - Product 249,50
N0 Bbppff05 1 Us,SKU-0250,29.99,10.0,Accessories - Product 250,50
N0 Bbppff06 1 Us,SKU-0251,29.99,10.0,Accessories - Product 251,50
N0 Bbppff07 1 Us,SKU-0252,29.99,10.0,Accessories - Product 252,50
N0 Bbrdhd01 1 Us,SKU-0253,29.99,10.0,Accessories - Product 253,50
N0 Bbrmbb01 1 Us,SKU-0254,29.99,10.0,Accessories - Product 254,50
N0 Bbrmob01 1 Us,SKU-0255,29.99,10.0,Accessories - Product 255,50
N0 Bbrmsb01 1 Us,SKU-0256,29.99,10.0,Accessories - Product 256,50
N0 Bbrmss01 1 Us,SKU-0257,29.99,10.0,Accessories - Product 257,50
N0 Bbspb01 1 Us,SKU-0258,29.99,10.0,Accessories - Product 258,50
N0 Bbvbbb01 1 Us,SKU-0259,29.99,10.0,Accessories - Product 259,50
N0 Bbvbbb02 1 Us,SKU-0260,29.99,10.0,Accessories - Product 260,50
N0 Bbvbbb03 1 Us,SKU-0261,29.99,10.0,Accessories - Product 261,50
N0 Bbvbbb04 1 Us,SKU-0262,29.99,10.0,Accessories - Product 262,50
N0 Bbvbbb05 1 Us,SKU-0263,29.99,10.0,Accessories - Product 263,50
N0 Bbvbbb06 1 Us,SKU-0264,29.99,10.0,Accessories - Product 264,50
N0 Bbvbbb07 1 Us,SKU-0265,29.99,10.0,Accessories - Product 265,50
N0 Bbvbbb08 1 Us,SKU-0266,29.99,10.0,Accessories - Product 266,50
N0 Bbvbcb00 1 Us,SKU-0267,29.99,10.0,Accessories - Product 267,50
N0 Bbvbcb01 1 Us,SKU-0268,29.99,10.0,Accessories - Product 268,50
N0 Bbvbcb02 1 Us,SKU-0269,29.99,10.0,Accessories - Product 269,50
N0 Bbvbcb05 1 Us,SKU-0270,29.99,10.0,Accessories - Product 270,50
N0 Bbvbcb06 1 Us,SKU-0271,29.99,10.0,Accessories - Product 271,50
N0 Bbvbcb10 1 Us,SKU-0272,29.99,10.0,Accessories - Product 272,50
N0 Bbvbhb01 1 Us,SKU-0273,29.99,10.0,Accessories - Product 273,50
N0 Bbvbob01 1 Us,SKU-0274,29.99,10.0,Accessories - Product 274,50
N0 Bbvbpb01 1 Us,SKU-0275,29.99,10.0,Accessories - Product 275,50
N3 Bbbb01 1 Us,SKU-0276,29.99,10.0,Accessories - Product 276,50
N3 Bbbefg01 1 Us,SKU-0277,29.99,10.0,Accessories - Product 277,50
N3 Bbdsb01 1 Us,SKU-0278,29.99,10.0,Accessories - Product 278,50
N3 Bbipfb01 1 Us,SKU-0279,29.99,10.0,Accessories - Product 279,50
N3 Bblob01 1 Us,SKU-0280,29.99,10.0,Accessories - Product 280,50
N3 Bbopfb01 1 Us,SKU-0281,29.99,10.0,Accessories - Product 281,50
N3 Bbpfb01 1 Us,SKU-0282,29.99,10.0,Accessories - Product 282,50
N Bar Neon Signs Lifestyle Image 1 Bbbns02 1 Us,SKU-0283,29.99,10.0,Signs - Product 283,50
N Birthday Neon Signs Lifestyle Image 1 Bbhbns02 1 Us,SKU-0284,29.99,10.0,Signs - Product 284,50
N Happy New Year Neon Signs Lifestyle Image 1 Bbhnynshny01 1 Us,SKU-0285,29.99,10.0,Signs - Product 285,50
N Open Neon Signs Lifestyle Image 1 Bbons01 1 Us,SKU-0286,29.99,10.0,Signs - Product 286,50
Naltsb06 1,SKU-0287,29.99,10.0,Accessories - Product 287,50
No Dining 1,SKU-0288,29.99,10.0,Accessories - Product 288,50
Opaque 8244,SKU-0289,29.99,10.0,Accessories - Product 289,50
Opaque Window Clings Lifestyle Bbwsso01 1 Us 1,SKU-0290,29.99,10.0,Accessories - Product 290,50
Pacg101 Bbaptc 1 Us,SKU-0291,29.99,10.0,Accessories - Product 291,50
Pacg101 Bbhmptc 1 Us,SKU-0292,29.99,10.0,Accessories - Product 292,50
Party Neon Signs Lifestyle Image 1 Bbpns N09 1 Us,SKU-0293,29.99,10.0,Signs - Product 293,50
Pb Political Banners First Image Bbvbeb01 1 Us,SKU-0294,29.99,10.0,Banners - Product 294,50
Pb Political Vinyl Banners First Image Bbpls03 1 Us,SKU-0295,29.99,10.0,Banners - Product 295,50
Perforated 8245,SKU-0296,29.99,10.0,Accessories - Product 296,50
Perforated Window Signs Lifestyle Bbwsps01 1 Us 1,SKU-0297,29.99,10.0,Signs - Product 297,50
Plastic Asset Labels Economy Lifestyle Bbassettag04 1 Us Ni,SKU-0298,29.99,10.0,Accessories - Product 298,50
Plastic Asset Labels Premium Lamination Lifestyle Bbassettag03 1 Us Ni,SKU-0299,29.99,10.0,Accessories - Product 299,50
Pocket Chair Cover 21th July,SKU-0300,29.99,10.0,Table Covers - Product 300,50
Premium Vinyl Stickers 1,SKU-0301,29.99,10.0,Accessories - Product 301,50
Printed Frosted 8247,SKU-0302,29.99,10.0,Accessories - Product 302,50
Processed Fabric Banners First Image Bbrdpf01 1 Us,SKU-0303,29.99,10.0,Banners - Product 303,50
Pwipbc01 1 1,SKU-0304,29.99,10.0,Accessories - Product 304,50
Qr Asset Tags Lifestyle Bbassettag10 1 Us Ni,SKU-0305,29.99,10.0,Accessories - Product 305,50
Rectangle Shape Yard Sign,SKU-0306,29.99,10.0,Signs - Product 306,50
Rectangular Blimp Tower Lifestyle Image Bbexporecto03 1 Us,SKU-0307,29.99,10.0,Accessories - Product 307,50
Restaurant Neon Signs Lifestyle Image 1 Bbrns N01 1 Us,SKU-0308,29.99,10.0,Signs - Product 308,50
Reverse Cut Forsted 8248,SKU-0309,29.99,10.0,Accessories - Product 309,50
Review Bg,SKU-0310,29.99,10.0,Accessories - Product 310,50
Rolllabels 1,SKU-0311,29.99,10.0,Accessories - Product 311,50
Romantic Neon Signs Lifestyle Image 1 Bbrns N06 1 Us,SKU-0312,29.99,10.0,Signs - Product 312,50
Rs101 Bbbhco01 1 Us,SKU-0313,29.99,10.0,Accessories - Product 313,50
Rs101 Bbcals01 1 Us,SKU-0314,29.99,10.0,Accessories - Product 314,50
Rs101 Bbpfbs01 1 Us,SKU-0315,29.99,10.0,Accessories - Product 315,50
Rs101 Gmsibo01 1 Us,SKU-0316,29.99,10.0,Accessories - Product 316,50
Rt201 Bbcfmxpt1 1 Us,SKU-0317,29.99,10.0,Accessories - Product 317,50
Rt201 Bbcfmxpt2 1 Us,SKU-0318,29.99,10.0,Accessories - Product 318,50
Rt201 Bbcfmxpt3 1 Us,SKU-0319,29.99,10.0,Accessories - Product 319,50
Rt201 Bbcfmxpt4 1 Us,SKU-0320,29.99,10.0,Accessories - Product 320,50
Rt201 Bbcfmxpt5 1 Us,SKU-0321,29.99,10.0,Accessories - Product 321,50
Rt201 Bbcfmxpt6 1 Us,SKU-0322,29.99,10.0,Accessories - Product 322,50
Rt201 Bbcfmxpt7 1 Us,SKU-0323,29.99,10.0,Accessories - Product 323,50
Rt201 Bbcfmxpt8 1 Us,SKU-0324,29.99,10.0,Accessories - Product 324,50
Rt201 Bbcfmxpt9 1 Us,SKU-0325,29.99,10.0,Accessories - Product 325,50
Rt201 Bbmxtt01 1 Us,SKU-0326,29.99,10.0,Accessories - Product 326,50
Rt201 Wsdrst24 1 Us,SKU-0327,29.99,10.0,Accessories - Product 327,50
Rt201 Wsdrst36 1 Us,SKU-0328,29.99,10.0,Accessories - Product 328,50
Rt201 Wsdrst48 1 Us,SKU-0329,29.99,10.0,Accessories - Product 329,50
Rt201 Wsdrst60 1 Us,SKU-0330,29.99,10.0,Accessories - Product 330,50
Security Badges,SKU-0331,29.99,10.0,Accessories - Product 331,50
Shop Confidence New,SKU-0332,29.99,10.0,Accessories - Product 332,50
Signss 1,SKU-0333,29.99,10.0,Signs - Product 333,50
Size 1 8280,SKU-0334,29.99,10.0,Accessories - Product 334,50
Social Distancing 1,SKU-0335,29.99,10.0,Accessories - Product 335,50
Step And Repeat Banners Lifestyle Bbstre01 1 Us,SKU-0336,29.99,10.0,Banners - Product 336,50
Step And Repeat Fabric Banners Lifestyle Bbstre02 1 Us,SKU-0337,29.99,10.0,Banners - Product 337,50
Symbols Neon Signs Lifestyle Image 1 Bbsns N02 1 Us,SKU-0338,29.99,10.0,Signs - Product 338,50
Take Away 1,SKU-0339,29.99,10.0,Accessories - Product 339,50
Take Away 1 1,SKU-0340,29.99,10.0,Accessories - Product 340,50
Tamper Proof Barcode Labels Lifestyle Bbassettag09 1 Us,SKU-0341,29.99,10.0,Accessories - Product 341,50
Tamper Proof Void Asset Labels Lifestyle Bbassettag05 1 Us Ni,SKU-0342,29.99,10.0,Accessories - Product 342,50
Temperory Bos 1,SKU-0343,29.99,10.0,Accessories - Product 343,50
Testing Please Wait In Your Car 1,SKU-0344,29.99,10.0,Accessories - Product 344,50
Touch Free Dispenser Floor Stand 005,SKU-0345,29.99,10.0,Accessories - Product 345,50
Trade Show Canopy Kit Front View Bbtsp01 1 Us,SKU-0346,29.99,10.0,Accessories - Product 346,50
Truck Decals 5,SKU-0347,29.99,10.0,Decals - Product 347,50
Upbrpr01 1 1,SKU-0348,29.99,10.0,Accessories - Product 348,50
Updcbc01 1 1,SKU-0349,29.99,10.0,Accessories - Product 349,50
Upfbcd01 1 1,SKU-0350,29.99,10.0,Accessories - Product 350,50
Upflgc01 1 1,SKU-0351,29.99,10.0,Accessories - Product 351,50
Upfogc01 1 1,SKU-0352,29.99,10.0,Accessories - Product 352,50
Upsbcd01 1 1,SKU-0353,29.99,10.0,Accessories - Product 353,50
Vehicle Vinyl Lettering 8257,SKU-0354,29.99,10.0,Accessories - Product 354,50
Verified Purchase,SKU-0355,29.99,10.0,Accessories - Product 355,50
Vinyl Decals Lifestyle Image Bbpsvd01 1 Us,SKU-0356,29.99,10.0,Decals - Product 356,50
Vinyl Posters Lifestyle Image Bbvlps01 1 Us,SKU-0357,29.99,10.0,Accessories - Product 357,50
Vinyl Fence Mesh Banner 2 Us,SKU-0358,29.99,10.0,Banners - Product 358,50
Viynl Fence Banner 2 Us,SKU-0359,29.99,10.0,Banners - Product 359,50
We Are Open 1,SKU-0360,29.99,10.0,Accessories - Product 360,50
Wedding Neon Signs Lifestyle Image 1 Bbwns N05 1 Us,SKU-0361,29.99,10.0,Signs - Product 361,50
Widgetuploadicon,SKU-0362,29.99,10.0,Accessories - Product 362,50
Window Clear 8260,SKU-0363,29.99,10.0,Accessories - Product 363,50
Window Decal Clear Lifestyle Bbwsdc01 1 Us 1,SKU-0364,29.99,10.0,Decals - Product 364,50
Window Decals Opaque Lifestyle Bbdldo01 1 Us 1,SKU-0365,29.99,10.0,Decals - Product 365,50
Window Opaque 8261,SKU-0366,29.99,10.0,Accessories - Product 366,50
Window Perforated 8262,SKU-0367,29.99,10.0,Accessories - Product 367,50
Window Vinyl Lettering 8232,SKU-0368,29.99,10.0,Accessories - Product 368,50
Y101 Bbbuys01 1 Us,SKU-0369,29.99,10.0,Accessories - Product 369,50
Y101 Bbdcysg01 1 Us,SKU-0370,29.99,10.0,Accessories - Product 370,50
Y101 Bbpls10 1 Us,SKU-0371,29.99,10.0,Accessories - Product 371,50
Y101 Bbyars01 1 Us,SKU-0372,29.99,10.0,Accessories - Product 372,50
Zodiac Neon Signs Lifestyle Image 1 Bbzns N08 1 Us,SKU-0373,29.99,10.0,Signs - Product 373,50
Banners\250thidayprep C1 B1 0106 1406 Us Cb 1920x380 Marketing Material,SKU-0374,29.99,10.0,Banners - Product 374,50
Banners\bb Categorybanners Marketingmaterial 20210201 4,SKU-0375,29.99,10.0,Banners - Product 375,50
Banners\a101 Bbclc01 1 Us,SKU-0376,29.99,10.0,Banners - Product 376,50
Banners\a101 Bbcm01 1 Us,SKU-0377,29.99,10.0,Banners - Product 377,50
Banners\a101 Bbdh01 1 Us,SKU-0378,29.99,10.0,Banners - Product 378,50
Banners\a101 Bbevt01 1 Us,SKU-0379,29.99,10.0,Banners - Product 379,50
Banners\a101 Bbly01 1 Us,SKU-0380,29.99,10.0,Banners - Product 380,50
Banners\a101 Bbnp01 1 Us,SKU-0381,29.99,10.0,Banners - Product 381,50
Banners\a101 Bbosc01 1 Us,SKU-0382,29.99,10.0,Banners - Product 382,50
Banners\a101 Bbpklb01 1 Us,SKU-0383,29.99,10.0,Banners - Product 383,50
Banners\a101 Bbpst01 1 Us,SKU-0384,29.99,10.0,Banners - Product 384,50
Banners\a101 Bbrc01 1 Us,SKU-0385,29.99,10.0,Banners - Product 385,50
Banners\a101 Bbsbc01 1 Us,SKU-0386,29.99,10.0,Banners - Product 386,50
Banners\a101 Bbsks01 1 Us,SKU-0387,29.99,10.0,Banners - Product 387,50
Banners\a101 Bbspc01 1 Us,SKU-0388,29.99,10.0,Banners - Product 388,50
Banners\a101 Bbtc01 1 Us,SKU-0389,29.99,10.0,Banners - Product 389,50
Banners\a101 Bbwblb01 1 Us,SKU-0390,29.99,10.0,Banners - Product 390,50
Banners\a101 Hctt01 1 Us,SKU-0391,29.99,10.0,Banners - Product 391,50
Banners\a101 Naltsb02 1 Us,SKU-0392,29.99,10.0,Banners - Product 392,50
Banners\a101 Naltsb04 1 Us,SKU-0393,29.99,10.0,Banners - Product 393,50
Banners\a101 Upbopr01 1 Us,SKU-0394,29.99,10.0,Banners - Product 394,50
Banners\a101 Upbufy01 1 Us,SKU-0395,29.99,10.0,Banners - Product 395,50
Banners\a101 Upbufy02 1 Us,SKU-0396,29.99,10.0,Banners - Product 396,50
Banners\a101 Upclfl01 1 Us,SKU-0397,29.99,10.0,Banners - Product 397,50
Banners\a101 Upctsl01 1 Us,SKU-0398,29.99,10.0,Banners - Product 398,50
Banners\a101 Updcbc06 1 Us,SKU-0399,29.99,10.0,Banners - Product 399,50
Banners\circlestickers 1,SKU-0400,29.99,10.0,Banners - Product 400,50
Banners\customstickers 1,SKU-0401,29.99,10.0,Banners - Product 401,50
Banners\destructible Asset Labels Lifestyle Bbassettag06 1 Us Ni,SKU-0402,29.99,10.0,Banners - Product 402,50
Banners\diecutstickers 1,SKU-0403,29.99,10.0,Banners - Product 403,50
Banners\laminated Barcode Labels Lifestyle Bbassettag08 1 Us Ni,SKU-0404,29.99,10.0,Banners - Product 404,50
Banners\logo 48,SKU-0405,29.99,10.0,Banners - Product 405,50
Banners\metal Asset Labels Aluminum Flexicurve Lifestyle Bbassettag12 1 Us Ni,SKU-0406,29.99,10.0,Banners - Product 406,50
Banners\metal Asset Labels Aluminum Foil Lifestyle Bbassettag02 1 Us Ni,SKU-0407,29.99,10.0,Banners - Product 407,50
Banners\metal Asset Tags Aluminum Lifestyle Bbassettag01 1 Us Ni,SKU-0408,29.99,10.0,Banners - Product 408,50
Banners\metal Barcode Labels Lifestyle Bbassettag07 1 Us Ni,SKU-0409,29.99,10.0,Banners - Product 409,50
Banners\naltsb06 1,SKU-0410,29.99,10.0,Banners - Product 410,50
Banners\pacg101 Bbaptc 1 Us,SKU-0411,29.99,10.0,Banners - Product 411,50
Banners\pacg101 Bbhmptc 1 Us,SKU-0412,29.99,10.0,Banners - Product 412,50
Banners\plastic Asset Labels Economy Lifestyle Bbassettag04 1 Us Ni,SKU-0413,29.99,10.0,Banners - Product 413,50
Banners\plastic Asset Labels Premium Lamination Lifestyle Bbassettag03 1 Us Ni,SKU-0414,29.99,10.0,Banners - Product 414,50
Banners\premium Vinyl Stickers 1,SKU-0415,29.99,10.0,Banners - Product 415,50
Banners\pwipbc01 1 1,SKU-0416,29.99,10.0,Banners - Product 416,50
Banners\qr Asset Tags Lifestyle Bbassettag10 1 Us Ni,SKU-0417,29.99,10.0,Banners - Product 417,50
Banners\rolllabels 1,SKU-0418,29.99,10.0,Banners - Product 418,50
Banners\security Badges,SKU-0419,29.99,10.0,Banners - Product 419,50
Banners\tamper Proof Barcode Labels Lifestyle Bbassettag09 1 Us,SKU-0420,29.99,10.0,Banners - Product 420,50
Banners\tamper Proof Void Asset Labels Lifestyle Bbassettag05 1 Us Ni,SKU-0421,29.99,10.0,Banners - Product 421,50
Banners\upbrpr01 1 1,SKU-0422,29.99,10.0,Banners - Product 422,50
Banners\updcbc01 1 1,SKU-0423,29.99,10.0,Banners - Product 423,50
Banners\upfbcd01 1 1,SKU-0424,29.99,10.0,Banners - Product 424,50
Banners\upflgc01 1 1,SKU-0425,29.99,10.0,Banners - Product 425,50
Banners\upfogc01 1 1,SKU-0426,29.99,10.0,Banners - Product 426,50
Banners\upsbcd01 1 1,SKU-0427,29.99,10.0,Banners - Product 427,50
Banners\widgetuploadicon,SKU-0428,29.99,10.0,Banners - Product 428,50
Banners Backlit\10 Ft Backlit Trade Show Display Design 1 Product Image Bblntboo101 1 Us,SKU-0429,29.99,10.0,Banners - Product 429,50
Banners Backlit\10 Ft Backlit Trade Show Display Design 2 Product Image Bblntboo102 1 Us,SKU-0430,29.99,10.0,Banners - Product 430,50
Banners Backlit\10 Ft Backlit Trade Show Display Design 5 Product Image Bblntboo105 1 Us,SKU-0431,29.99,10.0,Banners - Product 431,50
Banners Backlit\10 Ft Backlit Trade Show Display Design 6 Product Image Bblntboo106 1 Us,SKU-0432,29.99,10.0,Banners - Product 432,50
Banners Backlit\20 Ft Backlit Trade Show Display Design 1 Product Image Bblntboo201 1 Us,SKU-0433,29.99,10.0,Banners - Product 433,50
Banners Backlit\20 Ft Backlit Trade Show Display Design 3 Product Image Bblntboo203 1 Us,SKU-0434,29.99,10.0,Banners - Product 434,50
Banners Backlit\20 Ft Backlit Trade Show Display Design 4 Product Image Bblntboo204 1 Us,SKU-0435,29.99,10.0,Banners - Product 435,50
Banners Backlit\20 Ft Backlit Trade Show Display Design 5 Product Image Bblntboo205 1 Us,SKU-0436,29.99,10.0,Banners - Product 436,50
Banners Backlit\20 Ft Backlit Trade Show Display Design 8 Product Image Bblntboo208 1 Us,SKU-0437,29.99,10.0,Banners - Product 437,50
Banners Backlit\backlit Banner Lifestyle Bbblit01 1,SKU-0438,29.99,10.0,Banners - Product 438,50
Banners Birthday\n Birthday Neon Signs Lifestyle Image 1 Bbhbns02 1 Us,SKU-0439,29.99,10.0,Banners - Product 439,50
Banners Breakaway\breakaway Banner Lifestyle Bbbraw01 1,SKU-0440,29.99,10.0,Banners - Product 440,50
Banners Church\church Home 1,SKU-0441,29.99,10.0,Banners - Product 441,50
Banners Fabric\10x10ft Magnetic Modular Fabric Displays B 45 Degree Bbmgmfdus07 1,SKU-0442,29.99,10.0,Banners - Product 442,50
Banners Fabric\10x10ft Magnetic Modular Fabric Displays A 45 Degree Bbmgmfdls06 1,SKU-0443,29.99,10.0,Banners - Product 443,50
Banners Fabric\10x10ft Magnetic Modular Fabric Displays C 45 Degree Bbmgmfdlss08 1,SKU-0444,29.99,10.0,Banners - Product 444,50
Banners Fabric\10x10ft Magnetic Modular Fabric Displays E 45 Degree Bbmgmfdlsc10 1,SKU-0445,29.99,10.0,Banners - Product 445,50
Banners Fabric\13x10ft Magnetic Modular Fabric Displays A 45 Degree Bbmgmfdcs11 1,SKU-0446,29.99,10.0,Banners - Product 446,50
Banners Fabric\13x10ft Magnetic Modular Fabric Displays B 45 Degree Bbmgmfdtsb12 1,SKU-0447,29.99,10.0,Banners - Product 447,50
Banners Fabric\13x13ft Magnetic Modular Fabric Displays A 45 Degree Bbmgmfdcis13 1,SKU-0448,29.99,10.0,Banners - Product 448,50
Banners Fabric\13x13ft Magnetic Modular Fabric Displays B 45 Degree Bbmgmfdtis14 1,SKU-0449,29.99,10.0,Banners - Product 449,50
Banners Fabric\13x13ft Magnetic Modular Fabric Displays C 45 Degree Bbmgmfddcls15 1,SKU-0450,29.99,10.0,Banners - Product 450,50
Banners Fabric\20ft Inline Trade Show Booth Modular Fabric Display With Podium Shelves Led Lights Fi,SKU-0451,29.99,10.0,Banners - Product 451,50
Banners Fabric\65x65ft Magnetic Modular Fabric Displays D 45 Degree Bbmgmfdsbs04 1,SKU-0452,29.99,10.0,Banners - Product 452,50
Banners Fabric\65x65ft Magnetic Modular Fabric Displays E 45 Degree Bbmgmfdcis05 1,SKU-0453,29.99,10.0,Banners - Product 453,50
Banners Fabric\fabricbanner 01 4471,SKU-0454,29.99,10.0,Banners - Product 454,50
Banners Fabric\processed Fabric Banners First Image Bbrdpf01 1 Us,SKU-0455,29.99,10.0,Banners - Product 455,50
Banners Fabric\step And Repeat Fabric Banners Lifestyle Bbstre02 1 Us,SKU-0456,29.99,10.0,Banners - Product 456,50
Banners General\250thidayprep C1 B1 0106 1406 Us Cb 1920x380 Banners,SKU-0457,29.99,10.0,Banners - Product 457,50
Banners General\bb Categorybanners Banners 20210201 4,SKU-0458,29.99,10.0,Banners - Product 458,50
Banners General\bb Categorybanners Marketingmaterial 20210201 4,SKU-0459,29.99,10.0,Banners - Product 459,50
Banners General\bb Categorybanners Signsanddecals 20210201,SKU-0460,29.99,10.0,Banners - Product 460,50
Banners General\step And Repeat Banners Lifestyle Bbstre01 1 Us,SKU-0461,29.99,10.0,Banners - Product 461,50
Banners Holiday\christmas Neon Signs Lifestyle Image 1 Bbcns N03 1 Us,SKU-0462,29.99,10.0,Banners - Product 462,50
Banners Mesh & Fence\vinyl Fence Mesh Banner 2 Us,SKU-0463,29.99,10.0,Banners - Product 463,50
Banners Mesh & Fence\viynl Fence Banner 2 Us,SKU-0464,29.99,10.0,Banners - Product 464,50
Banners Political\pb Political Banners First Image Bbvbeb01 1 Us,SKU-0465,29.99,10.0,Banners - Product 465,50
Banners Political\pb Political Vinyl Banners First Image Bbpls03 1 Us,SKU-0466,29.99,10.0,Banners - Product 466,50
Banners Vinyl\customdecalsheroes Vinyllettering 8301,SKU-0467,29.99,10.0,Banners - Product 467,50
Banners Vinyl\vinyl Lettering 01 4514,SKU-0468,29.99,10.0,Banners - Product 468,50
Banners Vinyl\vinyl Banner Real Estate Signs A,SKU-0469,29.99,10.0,Banners - Product 469,50
Banners Vinyl\bubble Free Vinyl Decals Lifestyle Image Bbgpsvd01 1 Us,SKU-0470,29.99,10.0,Banners - Product 470,50
Banners Vinyl\custom Premium Vinyl Banner,SKU-0471,29.99,10.0,Banners - Product 471,50
Banners Vinyl\premium Vinyl Stickers 1,SKU-0472,29.99,10.0,Banners - Product 472,50
Banners Vinyl\vehicle Vinyl Lettering 8257,SKU-0473,29.99,10.0,Banners - Product 473,50
Banners Vinyl\vinyl Decals Lifestyle Image Bbpsvd01 1 Us,SKU-0474,29.99,10.0,Banners - Product 474,50
Banners Vinyl\vinyl Posters Lifestyle Image Bbvlps01 1 Us,SKU-0475,29.99,10.0,Banners - Product 475,50
Banners Vinyl\window Vinyl Lettering 8232,SKU-0476,29.99,10.0,Banners - Product 476,50
Decals General\customdecalsheroes Permanentdecals 8300,SKU-0477,29.99,10.0,Decals - Product 477,50
Decals General\respositionable Decal 01 4493,SKU-0478,29.99,10.0,Decals - Product 478,50
Decals General\stickers Top Nav Image 01 6794,SKU-0479,29.99,10.0,Decals - Product 479,50
Decals General\bbcdsc02 Car Decals Stickers Clear 1,SKU-0480,29.99,10.0,Decals - Product 480,50
Decals General\bbcdscdc02 Die Cut Car Decals Stickers Clear R,SKU-0481,29.99,10.0,Decals - Product 481,50
Decals General\bubble Free Car Decal Bb 09,SKU-0482,29.99,10.0,Decals - Product 482,50
Decals General\bubble Free Car Decal Die Cut 1,SKU-0483,29.99,10.0,Decals - Product 483,50
Decals General\bubble Free Window Decals Lifestyle Bbgdldo01 1 Us 1,SKU-0484,29.99,10.0,Decals - Product 484,50
Decals General\bumper Stickers4,SKU-0485,29.99,10.0,Decals - Product 485,50
Decals General\car Decals Stickers Opaque 0,SKU-0486,29.99,10.0,Decals - Product 486,50
Decals General\car Decals Stickers Opaque Flash Cut 0,SKU-0487,29.99,10.0,Decals - Product 487,50
Decals General\circlestickers 1,SKU-0488,29.99,10.0,Decals - Product 488,50
Decals General\customstickers 1,SKU-0489,29.99,10.0,Decals - Product 489,50
Decals General\die Cut Clear Window Decals Lifestyle Bbwsdc02 1 Us 1,SKU-0490,29.99,10.0,Decals - Product 490,50
Decals General\die Cut Decals Lifestyle Image Bbdcd01 1 Us,SKU-0491,29.99,10.0,Decals - Product 491,50
Decals General\die Cut Window Decals Opaque Lifestyle Bbdldodc01 1 Us 1,SKU-0492,29.99,10.0,Decals - Product 492,50
Decals General\diecutstickers 1,SKU-0493,29.99,10.0,Decals - Product 493,50
Decals General\truck Decals 5,SKU-0494,29.99,10.0,Decals - Product 494,50
Decals General\window Decal Clear Lifestyle Bbwsdc01 1 Us 1,SKU-0495,29.99,10.0,Decals - Product 495,50
Decals General\window Decals Opaque Lifestyle Bbdldo01 1 Us 1,SKU-0496,29.99,10.0,Decals - Product 496,50
Decals Wall\customdecalsheroes Walldecals 8302,SKU-0497,29.99,10.0,Decals - Product 497,50
Decals Window\250thidayprep C1 B1 0106 1406 Us Cb 1920x380 Windowdecale,SKU-0498,29.99,10.0,Decals - Product 498,50
Decals Window\windowdecals Perforated 4523,SKU-0499,29.99,10.0,Decals - Product 499,50
Displays Canopy Tents\trade Show Canopy Kit Front View Bbtsp01 1 Us,SKU-0500,29.99,10.0,Displays - Product 500,50
Displays Counters\counter Card Thumb 6587,SKU-0501,29.99,10.0,Displays - Product 501,50
Displays General\250thidayprep C1 B1 0106 1406 Us Cb 1920x380 Table Covers Displays,SKU-0502,29.99,10.0,Displays - Product 502,50
Displays General\table Covers Displays 1920x380px 1,SKU-0503,29.99,10.0,Displays - Product 503,50
Displays General\tradeshow Display Budget Friendly 1,SKU-0504,29.99,10.0,Displays - Product 504,50
Displays General\tradeshow Display Sizes 9,SKU-0505,29.99,10.0,Displays - Product 505,50
Displays General\tradeshow Display Types 9,SKU-0506,29.99,10.0,Displays - Product 506,50
Displays General\compact Display Package Front View Bbtsp04 1 Us,SKU-0507,29.99,10.0,Displays - Product 507,50
Displays General\display Package For 20 Ft X 10 Ft Trade Show Booth Front View Bbtsp06 1 Us,SKU-0508,29.99,10.0,Displays - Product 508,50
Flags Feather\featherflags 01 4473,SKU-0509,29.99,10.0,Flags - Product 509,50
Flags General\250thidayprep C1 B1 0106 1406 Us Cb 1920x380 Custom Flags,SKU-0510,29.99,10.0,Flags - Product 510,50
Flags General\customflags 01 4470,SKU-0511,29.99,10.0,Flags - Product 511,50
Flags General\flags 1920x380px 1,SKU-0512,29.99,10.0,Flags - Product 512,50
Flags Teardrop\teardropflag 01 4503,SKU-0513,29.99,10.0,Flags - Product 513,50
Marketing Facility\metalprints 01 4483,SKU-0514,29.99,10.0,Accessories - Product 514,50
Marketing Facility\billboard Printing Lifestyle Bbvbbp01 1,SKU-0515,29.99,10.0,Accessories - Product 515,50
Marketing Facility\printed Frosted 8247,SKU-0516,29.99,10.0,Accessories - Product 516,50
Marketing Hero Slides\table Covers Al Hero 10927 Thumbnail2x,SKU-0517,29.99,10.0,Table Covers - Product 517,50
Marketing Lifestyle\505 Convertible Adjustable Table Covers Lifestyle Image Cfmcat01 1 Us,SKU-0518,29.99,10.0,Table Covers - Product 518,50
Marketing Lifestyle\505 Cross Over Table Covers Lifestyle Image Cfmcot01 1 Us,SKU-0519,29.99,10.0,Table Covers - Product 519,50
Marketing Lifestyle\505 Open Corner Table Covers Lifestyle Image Bboctc01 1 Us,SKU-0520,29.99,10.0,Table Covers - Product 520,50
Marketing Lifestyle\505 Pleated Banquet Chair Covers Lifestyle Image Bbpbcc01 1 Us,SKU-0521,29.99,10.0,Table Covers - Product 521,50
Marketing Lifestyle\505 Pleated Table Covers Lifestyle Image Cfmptc01 1 Us,SKU-0522,29.99,10.0,Table Covers - Product 522,50
Marketing Lifestyle\505 Premium Full Color Table Covers Throws Lifestyle Image Bbctct01 1 Us,SKU-0523,29.99,10.0,Table Covers - Product 523,50
Marketing Lifestyle\505 Rectangle Table Toppers Lifestyle Image Cfmtat01 1 Us,SKU-0524,29.99,10.0,Table Covers - Product 524,50
Marketing Lifestyle\505 Round Table Throws Lifestyle Image Bbrtt01 1 Us,SKU-0525,29.99,10.0,Table Covers - Product 525,50
Marketing Lifestyle\505 Round Table Toppers Lifestyle Image Cfmrsc01 1 Us,SKU-0526,29.99,10.0,Table Covers - Product 526,50
Marketing Lifestyle\505 Stretched Banquet Chair Covers Lifestyle Image Bbsbcc01 1 Us,SKU-0527,29.99,10.0,Table Covers - Product 527,50
Marketing Lifestyle\505 Table Runners Lifestyle Image Bbcstr01 1 Us,SKU-0528,29.99,10.0,Table Covers - Product 528,50
Marketing Lifestyle\acrylic Letters And Numbers Lifestyle Image Bbrdal01 1 Us,SKU-0529,29.99,10.0,Accessories - Product 529,50
Marketing Lifestyle\clear Window Clings Lifestyle Bbwssc01 1 Us 2,SKU-0530,29.99,10.0,Accessories - Product 530,50
Marketing Lifestyle\custom Table Skirt Lifestyle Image Bbcskirt01 1 Us V1,SKU-0531,29.99,10.0,Table Covers - Product 531,50
Marketing Lifestyle\destructible Asset Labels Lifestyle Bbassettag06 1 Us Ni,SKU-0532,29.99,10.0,Accessories - Product 532,50
Marketing Lifestyle\die Cut Clear Window Clings Lifestyle Bbcdsc01 1 Us 1,SKU-0533,29.99,10.0,Accessories - Product 533,50
Marketing Lifestyle\die Cut Opaque Window Clings Lifestyle Bbodsc01 1 Us 1,SKU-0534,29.99,10.0,Accessories - Product 534,50
Marketing Lifestyle\laminated Barcode Labels Lifestyle Bbassettag08 1 Us Ni,SKU-0535,29.99,10.0,Accessories - Product 535,50
Marketing Lifestyle\metal Barcode Labels Lifestyle Bbassettag07 1 Us Ni,SKU-0536,29.99,10.0,Accessories - Product 536,50
Marketing Lifestyle\opaque Window Clings Lifestyle Bbwsso01 1 Us 1,SKU-0537,29.99,10.0,Accessories - Product 537,50
Marketing Lifestyle\plastic Asset Labels Economy Lifestyle Bbassettag04 1 Us Ni,SKU-0538,29.99,10.0,Accessories - Product 538,50
Marketing Lifestyle\plastic Asset Labels Premium Lamination Lifestyle Bbassettag03 1 Us Ni,SKU-0539,29.99,10.0,Accessories - Product 539,50
Marketing Lifestyle\qr Asset Tags Lifestyle Bbassettag10 1 Us Ni,SKU-0540,29.99,10.0,Accessories - Product 540,50
Marketing Lifestyle\rectangular Blimp Tower Lifestyle Image Bbexporecto03 1 Us,SKU-0541,29.99,10.0,Accessories - Product 541,50
Marketing Lifestyle\tamper Proof Barcode Labels Lifestyle Bbassettag09 1 Us,SKU-0542,29.99,10.0,Accessories - Product 542,50
Marketing Lifestyle\tamper Proof Void Asset Labels Lifestyle Bbassettag05 1 Us Ni,SKU-0543,29.99,10.0,Accessories - Product 543,50
Signs Aluminum\metal Asset Labels Aluminum Flexicurve Lifestyle Bbassettag12 1 Us Ni,SKU-0544,29.99,10.0,Signs - Product 544,50
Signs Aluminum\metal Asset Labels Aluminum Foil Lifestyle Bbassettag02 1 Us Ni,SKU-0545,29.99,10.0,Signs - Product 545,50
Signs Aluminum\metal Asset Tags Aluminum Lifestyle Bbassettag01 1 Us Ni,SKU-0546,29.99,10.0,Signs - Product 546,50
Signs General\10 Ft Trade Show Booth Design 1 45 Degree Bbexbboo101 1 Us,SKU-0547,29.99,10.0,Signs - Product 547,50
Signs General\10 Ft Trade Show Booth Design 2 45 Degree Bbexbboo102 1 Us,SKU-0548,29.99,10.0,Signs - Product 548,50
Signs General\10 Ft Trade Show Booth Design 3 45 Degree Bbexbboo103 1 Us,SKU-0549,29.99,10.0,Signs - Product 549,50
Signs General\10 Ft Trade Show Booth Design 4 45 Degree Bbexbboo104 1 Us,SKU-0550,29.99,10.0,Signs - Product 550,50
Signs General\10 Ft Trade Show Booth Design 5 45 Degree Bbexbboo105 1 Us,SKU-0551,29.99,10.0,Signs - Product 551,50
Signs General\10 Ft Trade Show Booth Design 6 45 Degree Bbexbboo108 1 Us,SKU-0552,29.99,10.0,Signs - Product 552,50
Signs General\10 Ft Trade Show Booth Design 7 45 Degree Bbexbboo110 1 Us,SKU-0553,29.99,10.0,Signs - Product 553,50
Signs General\10 Ft Trade Show Booth Design 8 45 Degree Bbexbboo115 1 Us,SKU-0554,29.99,10.0,Signs - Product 554,50
Signs General\10 Ft Trade Show Booth Design 9 45 Degree Bbexbboo116 1 Us,SKU-0555,29.99,10.0,Signs - Product 555,50
Signs General\20 Ft Trade Show Booth Design 1 45 Degree Bbexbboo201 1 Us,SKU-0556,29.99,10.0,Signs - Product 556,50
Signs General\20 Ft Trade Show Booth Design 10 45 Degree Bbexbboo223 1 Us,SKU-0557,29.99,10.0,Signs - Product 557,50
Signs General\20 Ft Trade Show Booth Design 2 45 Degree Bbexbboo203 1 Us,SKU-0558,29.99,10.0,Signs - Product 558,50
Signs General\20 Ft Trade Show Booth Design 3 45 Degree Bbexbboo204 1 Us,SKU-0559,29.99,10.0,Signs - Product 559,50
Signs General\20 Ft Trade Show Booth Design 4 45 Degree Bbexbboo205 1 Us,SKU-0560,29.99,10.0,Signs - Product 560,50
Signs General\20 Ft Trade Show Booth Design 5 45 Degree Bbexbboo206 1 Us,SKU-0561,29.99,10.0,Signs - Product 561,50
Signs General\20 Ft Trade Show Booth Design 6 45 Degree Bbexbboo210 1 Us,SKU-0562,29.99,10.0,Signs - Product 562,50
Signs General\real Estate Signs 14766,SKU-0563,29.99,10.0,Signs - Product 563,50
Signs General\perforated Window Signs Lifestyle Bbwsps01 1 Us 1,SKU-0564,29.99,10.0,Signs - Product 564,50
Signs General\rectangle Shape Yard Sign,SKU-0565,29.99,10.0,Signs - Product 565,50
Signs General\signss 1,SKU-0566,29.99,10.0,Signs - Product 566,50
Signs Led & Neon\beauty Salon Neon Signs Lifestyle Image 1 Bbbsns15 1 Us,SKU-0567,29.99,10.0,Signs - Product 567,50
Signs Led & Neon\custom Led Logo Neon Signs Lifestyle Image 1 Bbnslns001 1 Us,SKU-0568,29.99,10.0,Signs - Product 568,50
Signs Led & Neon\gaming Neon Signs Lifestyle Image 1 Bbgns N11 1 Us,SKU-0569,29.99,10.0,Signs - Product 569,50
Signs Led & Neon\halloween Neon Signs Lifestyle Image 1 Bbhns N04 1 Us,SKU-0570,29.99,10.0,Signs - Product 570,50
Signs Led & Neon\halo Lit Acrylic Letters Letters Letters Lifestyle Image Albllnled01 1 Us,SKU-0571,29.99,10.0,Signs - Product 571,50
Signs Led & Neon\halo Lit Brass Letters Lifestyle Image Albllnled05 1 Us,SKU-0572,29.99,10.0,Signs - Product 572,50
Signs Led & Neon\inspirational Neon Signs Lifestyle Image 1 Bbins N07 1 Us,SKU-0573,29.99,10.0,Signs - Product 573,50
Signs Led & Neon\kids Neon Signs Lifestyle Image 1 Bbkns N10 1 Us,SKU-0574,29.99,10.0,Signs - Product 574,50
Signs Led & Neon\led Acrylic Letters Letters Lifestyle Image Albllnled02 1 Us,SKU-0575,29.99,10.0,Signs - Product 575,50
Signs Led & Neon\n Bar Neon Signs Lifestyle Image 1 Bbbns02 1 Us,SKU-0576,29.99,10.0,Signs - Product 576,50
Signs Led & Neon\n Happy New Year Neon Signs Lifestyle Image 1 Bbhnynshny01 1 Us,SKU-0577,29.99,10.0,Signs - Product 577,50
Signs Led & Neon\n Open Neon Signs Lifestyle Image 1 Bbons01 1 Us,SKU-0578,29.99,10.0,Signs - Product 578,50
Signs Led & Neon\party Neon Signs Lifestyle Image 1 Bbpns N09 1 Us,SKU-0579,29.99,10.0,Signs - Product 579,50
Signs Led & Neon\restaurant Neon Signs Lifestyle Image 1 Bbrns N01 1 Us,SKU-0580,29.99,10.0,Signs - Product 580,50
Signs Led & Neon\romantic Neon Signs Lifestyle Image 1 Bbrns N06 1 Us,SKU-0581,29.99,10.0,Signs - Product 581,50
Signs Led & Neon\symbols Neon Signs Lifestyle Image 1 Bbsns N02 1 Us,SKU-0582,29.99,10.0,Signs - Product 582,50
Signs Led & Neon\wedding Neon Signs Lifestyle Image 1 Bbwns N05 1 Us,SKU-0583,29.99,10.0,Signs - Product 583,50
Signs Led & Neon\zodiac Neon Signs Lifestyle Image 1 Bbzns N08 1 Us,SKU-0584,29.99,10.0,Signs - Product 584,50
Signs Yard Signs\yardsign 01 4526,SKU-0585,29.99,10.0,Signs - Product 585,50
Stands General\standardaluminum 01 4498,SKU-0586,29.99,10.0,Accessories - Product 586,50
Stands General\touch Free Dispenser Floor Stand 005,SKU-0587,29.99,10.0,Accessories - Product 587,50
Stands Retractable\retractable 4496,SKU-0588,29.99,10.0,Table Covers - Product 588,50
Table Covers Fitted\505 Fitted Table Covers Lifestyle Image Cfmftc01 1 Us,SKU-0589,29.99,10.0,Table Covers - Product 589,50
Table Covers Fitted\505 Round Fitted Table Covers Lifestyle Image Cfmrft01 1 Us,SKU-0590,29.99,10.0,Table Covers - Product 590,50
Table Covers Stretch\505 Round Stretch Table Covers Lifestyle Image Cfmrst01 1 Us,SKU-0591,29.99,10.0,Table Covers - Product 591,50
Table Covers Stretch\505 Stretch Table Covers Lifestyle Image Cfmstc01 1 Us,SKU-0592,29.99,10.0,Table Covers - Product 592,50
Uncategorized\1 4 1,SKU-0593,29.99,10.0,Accessories - Product 593,50
Uncategorized\250thidayprep C1 B1 0106 1406 Us Cb 1920x380 Accessories,SKU-0594,29.99,10.0,Accessories - Product 594,50
Uncategorized\250thidayprep C1 B1 0106 1406 Us Cb 1920x380 Marketing Material,SKU-0595,29.99,10.0,Accessories - Product 595,50
Uncategorized\acrylic Sfh 01 4460,SKU-0596,29.99,10.0,Accessories - Product 596,50
Uncategorized\businesscards 4467,SKU-0597,29.99,10.0,Accessories - Product 597,50
Uncategorized\campaign Thumb 01 5574,SKU-0598,29.99,10.0,Accessories - Product 598,50
Uncategorized\canvas 4564,SKU-0599,29.99,10.0,Accessories - Product 599,50
Uncategorized\category Accsessories,SKU-0600,29.99,10.0,Accessories - Product 600,50
Uncategorized\promotional Magnets Thumbnail 7223,SKU-0601,29.99,10.0,Accessories - Product 601,50
Uncategorized\retail 01 4495,SKU-0602,29.99,10.0,Accessories - Product 602,50
Uncategorized\rigidplastic 01 4497,SKU-0603,29.99,10.0,Accessories - Product 603,50
Uncategorized\step N Repeat 01 4499,SKU-0604,29.99,10.0,Accessories - Product 604,50
Uncategorized\vehicle Magnets 01 4513,SKU-0605,29.99,10.0,Accessories - Product 605,50
Uncategorized\a101 Bbcanb01 1 Us,SKU-0606,29.99,10.0,Accessories - Product 606,50
Uncategorized\a101 Bbcdcd01 1 Us,SKU-0607,29.99,10.0,Accessories - Product 607,50
Uncategorized\a101 Bbcfmpf 1 Us,SKU-0608,29.99,10.0,Accessories - Product 608,50
Uncategorized\a101 Bbclc01 1 Us,SKU-0609,29.99,10.0,Accessories - Product 609,50
Uncategorized\a101 Bbcm01 1 Us,SKU-0610,29.99,10.0,Accessories - Product 610,50
Uncategorized\a101 Bbcusf01 1 Us,SKU-0611,29.99,10.0,Accessories - Product 611,50
Uncategorized\a101 Bbdh01 1 Us,SKU-0612,29.99,10.0,Accessories - Product 612,50
Uncategorized\a101 Bbdsfb01 1 Us,SKU-0613,29.99,10.0,Accessories - Product 613,50
Uncategorized\a101 Bbevt01 1 Us,SKU-0614,29.99,10.0,Accessories - Product 614,50
Uncategorized\a101 Bbfdsc01 1 Us,SKU-0615,29.99,10.0,Accessories - Product 615,50
Uncategorized\a101 Bbfdsc02 1 Us,SKU-0616,29.99,10.0,Accessories - Product 616,50
Uncategorized\a101 Bbhcbb01 1 Us,SKU-0617,29.99,10.0,Accessories - Product 617,50
Uncategorized\a101 Bbly01 1 Us,SKU-0618,29.99,10.0,Accessories - Product 618,50
Uncategorized\a101 Bbmesf01 1 Us,SKU-0619,29.99,10.0,Accessories - Product 619,50
Uncategorized\a101 Bbnp01 1 Us,SKU-0620,29.99,10.0,Accessories - Product 620,50
Uncategorized\a101 Bbosc01 1 Us,SKU-0621,29.99,10.0,Accessories - Product 621,50
Uncategorized\a101 Bbpklb01 1 Us,SKU-0622,29.99,10.0,Accessories - Product 622,50
Uncategorized\a101 Bbprpp01 1 Us,SKU-0623,29.99,10.0,Accessories - Product 623,50
Uncategorized\a101 Bbpst01 1 Us,SKU-0624,29.99,10.0,Accessories - Product 624,50
Uncategorized\a101 Bbpsvd02 1 Us,SKU-0625,29.99,10.0,Accessories - Product 625,50
Uncategorized\a101 Bbpsvl01 2 Us,SKU-0626,29.99,10.0,Accessories - Product 626,50
Uncategorized\a101 Bbrc01 1 Us,SKU-0627,29.99,10.0,Accessories - Product 627,50
Uncategorized\a101 Bbrdipf02 1 Us,SKU-0628,29.99,10.0,Accessories - Product 628,50
Uncategorized\a101 Bbrdpf02 1 Us,SKU-0629,29.99,10.0,Accessories - Product 629,50
Uncategorized\a101 Bbsbc01 1 Us,SKU-0630,29.99,10.0,Accessories - Product 630,50
Uncategorized\a101 Bbsks01 1 Us,SKU-0631,29.99,10.0,Accessories - Product 631,50
Uncategorized\a101 Bbspc01 1 Us,SKU-0632,29.99,10.0,Accessories - Product 632,50
Uncategorized\a101 Bbtc01 1 Us,SKU-0633,29.99,10.0,Accessories - Product 633,50
Uncategorized\a101 Bbvehl01 2 Us,SKU-0634,29.99,10.0,Accessories - Product 634,50
Uncategorized\a101 Bbwblb01 1 Us,SKU-0635,29.99,10.0,Accessories - Product 635,50
Uncategorized\a101 Bbwd01 1 Us,SKU-0636,29.99,10.0,Accessories - Product 636,50
Uncategorized\a101 Bbwinl01 2 Us,SKU-0637,29.99,10.0,Accessories - Product 637,50
Uncategorized\a101 Esmefr01 1 Us,SKU-0638,29.99,10.0,Accessories - Product 638,50
Uncategorized\a101 Essdbl01 1 Us,SKU-0639,29.99,10.0,Accessories - Product 639,50
Uncategorized\a101 Essdwh01 1 Us,SKU-0640,29.99,10.0,Accessories - Product 640,50
Uncategorized\a101 Hctt01 1 Us,SKU-0641,29.99,10.0,Accessories - Product 641,50
Uncategorized\a101 Naltsb02 1 Us,SKU-0642,29.99,10.0,Accessories - Product 642,50
Uncategorized\a101 Naltsb04 1 Us,SKU-0643,29.99,10.0,Accessories - Product 643,50
Uncategorized\a101 Upbopr01 1 Us,SKU-0644,29.99,10.0,Accessories - Product 644,50
Uncategorized\a101 Upbufy01 1 Us,SKU-0645,29.99,10.0,Accessories - Product 645,50
Uncategorized\a101 Upbufy02 1 Us,SKU-0646,29.99,10.0,Accessories - Product 646,50
Uncategorized\a101 Upclfl01 1 Us,SKU-0647,29.99,10.0,Accessories - Product 647,50
Uncategorized\a101 Upctsl01 1 Us,SKU-0648,29.99,10.0,Accessories - Product 648,50
Uncategorized\a101 Updcbc06 1 Us,SKU-0649,29.99,10.0,Accessories - Product 649,50
Uncategorized\alc202 Bbbun01 1 Us,SKU-0650,29.99,10.0,Accessories - Product 650,50
Uncategorized\alc202 Bbnr01 1,SKU-0651,29.99,10.0,Accessories - Product 651,50
Uncategorized\alc202 Bbsg01 1 Us,SKU-0652,29.99,10.0,Accessories - Product 652,50
Uncategorized\alc202 Bbzt01 1 Us,SKU-0653,29.99,10.0,Accessories - Product 653,50
Uncategorized\bbbct01 1,SKU-0654,29.99,10.0,Accessories - Product 654,50
Uncategorized\bbexbood01 1,SKU-0655,29.99,10.0,Accessories - Product 655,50
Uncategorized\bbexbood122 1,SKU-0656,29.99,10.0,Accessories - Product 656,50
Uncategorized\bbexbood211 1,SKU-0657,29.99,10.0,Accessories - Product 657,50
Uncategorized\bbexbood221 1,SKU-0658,29.99,10.0,Accessories - Product 658,50
Uncategorized\bbexbood311 1,SKU-0659,29.99,10.0,Accessories - Product 659,50
Uncategorized\bbexbood321 1 1,SKU-0660,29.99,10.0,Accessories - Product 660,50
Uncategorized\bbexbood521 1,SKU-0661,29.99,10.0,Accessories - Product 661,50
Uncategorized\bbexbood621 1,SKU-0662,29.99,10.0,Accessories - Product 662,50
Uncategorized\bbexbood721 1,SKU-0663,29.99,10.0,Accessories - Product 663,50
Uncategorized\bbpls05 1,SKU-0664,29.99,10.0,Accessories - Product 664,50
Uncategorized\bbprf01 1 Us N,SKU-0665,29.99,10.0,Accessories - Product 665,50
Uncategorized\bbrefl01 1 Us 1,SKU-0666,29.99,10.0,Accessories - Product 666,50
Uncategorized\cfmswf01 1 Us 1,SKU-0667,29.99,10.0,Accessories - Product 667,50
Uncategorized\cfmttb01 1 Us,SKU-0668,29.99,10.0,Accessories - Product 668,50
Uncategorized\cfmttb02 1 Us 1,SKU-0669,29.99,10.0,Accessories - Product 669,50
Uncategorized\cfmttb03 1 Us,SKU-0670,29.99,10.0,Accessories - Product 670,50
Uncategorized\clear 8233,SKU-0671,29.99,10.0,Accessories - Product 671,50
Uncategorized\curbside Pick Up 1,SKU-0672,29.99,10.0,Accessories - Product 672,50
Uncategorized\custom License Plates New,SKU-0673,29.99,10.0,Accessories - Product 673,50
Uncategorized\fab Icon,SKU-0674,29.99,10.0,Accessories - Product 674,50
Uncategorized\gmgfgp01 1 Us V1,SKU-0675,29.99,10.0,Accessories - Product 675,50
Uncategorized\keep Out 1,SKU-0676,29.99,10.0,Accessories - Product 676,50
Uncategorized\logo 48,SKU-0677,29.99,10.0,Accessories - Product 677,50
Uncategorized\mag101 Bbcms01 1 Us,SKU-0678,29.99,10.0,Accessories - Product 678,50
Uncategorized\mag101 Bbmssg01 1 Us,SKU-0679,29.99,10.0,Accessories - Product 679,50
Uncategorized\mag101 Bbmsvm01 1 Us,SKU-0680,29.99,10.0,Accessories - Product 680,50
Uncategorized\n01 Bbbgfg01 1 Us,SKU-0681,29.99,10.0,Accessories - Product 681,50
Uncategorized\n01 Bbcarf01 1 Us,SKU-0682,29.99,10.0,Accessories - Product 682,50
Uncategorized\n01 Bbcfmbpf03 1 Us,SKU-0683,29.99,10.0,Accessories - Product 683,50
Uncategorized\n01 Bbcfmcf03 1 Us,SKU-0684,29.99,10.0,Accessories - Product 684,50
Uncategorized\n01 Bbcfmgnf 1 Us,SKU-0685,29.99,10.0,Accessories - Product 685,50
Uncategorized\n01 Bbcfmhf 1 Us,SKU-0686,29.99,10.0,Accessories - Product 686,50
Uncategorized\n01 Bbcvfg01 1 Us,SKU-0687,29.99,10.0,Accessories - Product 687,50
Uncategorized\n01 Bbfrfg01 1 Us,SKU-0688,29.99,10.0,Accessories - Product 688,50
Uncategorized\n01 Bbfrfgm02 1 Us,SKU-0689,29.99,10.0,Accessories - Product 689,50
Uncategorized\n01 Bbhcfmhf 1 Us,SKU-0690,29.99,10.0,Accessories - Product 690,50
Uncategorized\n01 Bblf01 1 Us,SKU-0691,29.99,10.0,Accessories - Product 691,50
Uncategorized\n01 Bbppff04 1 Us,SKU-0692,29.99,10.0,Accessories - Product 692,50
Uncategorized\n01 Bbppff08 1 Us,SKU-0693,29.99,10.0,Accessories - Product 693,50
Uncategorized\n01 Bbppff09 1 Us,SKU-0694,29.99,10.0,Accessories - Product 694,50
Uncategorized\n01 Bbrmtf01 1 Us,SKU-0695,29.99,10.0,Accessories - Product 695,50
Uncategorized\n01 Bbsfif01 1 Us,SKU-0696,29.99,10.0,Accessories - Product 696,50
Uncategorized\n01 Bbtrfg01 1 Us,SKU-0697,29.99,10.0,Accessories - Product 697,50
Uncategorized\n01 Wsrdpf01 1 Us,SKU-0698,29.99,10.0,Accessories - Product 698,50
Uncategorized\n0 Bbcb01 1 Us,SKU-0699,29.99,10.0,Accessories - Product 699,50
Uncategorized\n0 Bbcfmbpf 1 Us,SKU-0700,29.99,10.0,Accessories - Product 700,50
Uncategorized\n0 Bbcfmcf02 1 Us,SKU-0701,29.99,10.0,Accessories - Product 701,50
Uncategorized\n0 Bbcfmcf 1 Us,SKU-0702,29.99,10.0,Accessories - Product 702,50
Uncategorized\n0 Bbcfmdf02 1 Us,SKU-0703,29.99,10.0,Accessories - Product 703,50
Uncategorized\n0 Bbcfmdf 1 Us,SKU-0704,29.99,10.0,Accessories - Product 704,50
Uncategorized\n0 Bbcfmgf01 1 Us,SKU-0705,29.99,10.0,Accessories - Product 705,50
Uncategorized\n0 Bbcfmgf02 1 Us,SKU-0706,29.99,10.0,Accessories - Product 706,50
Uncategorized\n0 Bbcfmscf02 1 Us,SKU-0707,29.99,10.0,Accessories - Product 707,50
Uncategorized\n0 Bbcfmscf 1 Us,SKU-0708,29.99,10.0,Accessories - Product 708,50
Uncategorized\n0 Bbmesb01 1 Us,SKU-0709,29.99,10.0,Accessories - Product 709,50
Uncategorized\n0 Bbpls07 1,SKU-0710,29.99,10.0,Accessories - Product 710,50
Uncategorized\n0 Bbpls24 1,SKU-0711,29.99,10.0,Accessories - Product 711,50
Uncategorized\n0 Bbpolb01 2 Us,SKU-0712,29.99,10.0,Accessories - Product 712,50
Uncategorized\n0 Bbppff01 1 Us,SKU-0713,29.99,10.0,Accessories - Product 713,50
Uncategorized\n0 Bbppff02 1 Us,SKU-0714,29.99,10.0,Accessories - Product 714,50
Uncategorized\n0 Bbppff03 1 Us,SKU-0715,29.99,10.0,Accessories - Product 715,50
Uncategorized\n0 Bbppff05 1 Us,SKU-0716,29.99,10.0,Accessories - Product 716,50
Uncategorized\n0 Bbppff06 1 Us,SKU-0717,29.99,10.0,Accessories - Product 717,50
Uncategorized\n0 Bbppff07 1 Us,SKU-0718,29.99,10.0,Accessories - Product 718,50
Uncategorized\n0 Bbrdhd01 1 Us,SKU-0719,29.99,10.0,Accessories - Product 719,50
Uncategorized\n0 Bbrmbb01 1 Us,SKU-0720,29.99,10.0,Accessories - Product 720,50
Uncategorized\n0 Bbrmob01 1 Us,SKU-0721,29.99,10.0,Accessories - Product 721,50
Uncategorized\n0 Bbrmsb01 1 Us,SKU-0722,29.99,10.0,Accessories - Product 722,50
Uncategorized\n0 Bbrmss01 1 Us,SKU-0723,29.99,10.0,Accessories - Product 723,50
Uncategorized\n0 Bbspb01 1 Us,SKU-0724,29.99,10.0,Accessories - Product 724,50
Uncategorized\n0 Bbvbbb01 1 Us,SKU-0725,29.99,10.0,Accessories - Product 725,50
Uncategorized\n0 Bbvbbb02 1 Us,SKU-0726,29.99,10.0,Accessories - Product 726,50
Uncategorized\n0 Bbvbbb03 1 Us,SKU-0727,29.99,10.0,Accessories - Product 727,50
Uncategorized\n0 Bbvbbb04 1 Us,SKU-0728,29.99,10.0,Accessories - Product 728,50
Uncategorized\n0 Bbvbbb05 1 Us,SKU-0729,29.99,10.0,Accessories - Product 729,50
Uncategorized\n0 Bbvbbb06 1 Us,SKU-0730,29.99,10.0,Accessories - Product 730,50
Uncategorized\n0 Bbvbbb07 1 Us,SKU-0731,29.99,10.0,Accessories - Product 731,50
Uncategorized\n0 Bbvbbb08 1 Us,SKU-0732,29.99,10.0,Accessories - Product 732,50
Uncategorized\n0 Bbvbcb00 1 Us,SKU-0733,29.99,10.0,Accessories - Product 733,50
Uncategorized\n0 Bbvbcb01 1 Us,SKU-0734,29.99,10.0,Accessories - Product 734,50
Uncategorized\n0 Bbvbcb02 1 Us,SKU-0735,29.99,10.0,Accessories - Product 735,50
Uncategorized\n0 Bbvbcb05 1 Us,SKU-0736,29.99,10.0,Accessories - Product 736,50
Uncategorized\n0 Bbvbcb06 1 Us,SKU-0737,29.99,10.0,Accessories - Product 737,50
Uncategorized\n0 Bbvbcb10 1 Us,SKU-0738,29.99,10.0,Accessories - Product 738,50
Uncategorized\n0 Bbvbhb01 1 Us,SKU-0739,29.99,10.0,Accessories - Product 739,50
Uncategorized\n0 Bbvbob01 1 Us,SKU-0740,29.99,10.0,Accessories - Product 740,50
Uncategorized\n0 Bbvbpb01 1 Us,SKU-0741,29.99,10.0,Accessories - Product 741,50
Uncategorized\n3 Bbbb01 1 Us,SKU-0742,29.99,10.0,Accessories - Product 742,50
Uncategorized\n3 Bbbefg01 1 Us,SKU-0743,29.99,10.0,Accessories - Product 743,50
Uncategorized\n3 Bbdsb01 1 Us,SKU-0744,29.99,10.0,Accessories - Product 744,50
Uncategorized\n3 Bbipfb01 1 Us,SKU-0745,29.99,10.0,Accessories - Product 745,50
Uncategorized\n3 Bblob01 1 Us,SKU-0746,29.99,10.0,Accessories - Product 746,50
Uncategorized\n3 Bbopfb01 1 Us,SKU-0747,29.99,10.0,Accessories - Product 747,50
Uncategorized\n3 Bbpfb01 1 Us,SKU-0748,29.99,10.0,Accessories - Product 748,50
Uncategorized\naltsb06 1,SKU-0749,29.99,10.0,Accessories - Product 749,50
Uncategorized\no Dining 1,SKU-0750,29.99,10.0,Accessories - Product 750,50
Uncategorized\opaque 8244,SKU-0751,29.99,10.0,Accessories - Product 751,50
Uncategorized\pacg101 Bbaptc 1 Us,SKU-0752,29.99,10.0,Accessories - Product 752,50
Uncategorized\pacg101 Bbhmptc 1 Us,SKU-0753,29.99,10.0,Accessories - Product 753,50
Uncategorized\perforated 8245,SKU-0754,29.99,10.0,Accessories - Product 754,50
Uncategorized\pocket Chair Cover 21th July,SKU-0755,29.99,10.0,Table Covers - Product 755,50
Uncategorized\pwipbc01 1 1,SKU-0756,29.99,10.0,Accessories - Product 756,50
Uncategorized\reverse Cut Forsted 8248,SKU-0757,29.99,10.0,Accessories - Product 757,50
Uncategorized\review Bg,SKU-0758,29.99,10.0,Accessories - Product 758,50
Uncategorized\rolllabels 1,SKU-0759,29.99,10.0,Accessories - Product 759,50
Uncategorized\rs101 Bbbhco01 1 Us,SKU-0760,29.99,10.0,Accessories - Product 760,50
Uncategorized\rs101 Bbcals01 1 Us,SKU-0761,29.99,10.0,Accessories - Product 761,50
Uncategorized\rs101 Bbpfbs01 1 Us,SKU-0762,29.99,10.0,Accessories - Product 762,50
Uncategorized\rs101 Gmsibo01 1 Us,SKU-0763,29.99,10.0,Accessories - Product 763,50
Uncategorized\rt201 Bbcfmxpt1 1 Us,SKU-0764,29.99,10.0,Accessories - Product 764,50
Uncategorized\rt201 Bbcfmxpt2 1 Us,SKU-0765,29.99,10.0,Accessories - Product 765,50
Uncategorized\rt201 Bbcfmxpt3 1 Us,SKU-0766,29.99,10.0,Accessories - Product 766,50
Uncategorized\rt201 Bbcfmxpt4 1 Us,SKU-0767,29.99,10.0,Accessories - Product 767,50
Uncategorized\rt201 Bbcfmxpt5 1 Us,SKU-0768,29.99,10.0,Accessories - Product 768,50
Uncategorized\rt201 Bbcfmxpt6 1 Us,SKU-0769,29.99,10.0,Accessories - Product 769,50
Uncategorized\rt201 Bbcfmxpt7 1 Us,SKU-0770,29.99,10.0,Accessories - Product 770,50
Uncategorized\rt201 Bbcfmxpt8 1 Us,SKU-0771,29.99,10.0,Accessories - Product 771,50
Uncategorized\rt201 Bbcfmxpt9 1 Us,SKU-0772,29.99,10.0,Accessories - Product 772,50
Uncategorized\rt201 Bbmxtt01 1 Us,SKU-0773,29.99,10.0,Accessories - Product 773,50
Uncategorized\rt201 Wsdrst24 1 Us,SKU-0774,29.99,10.0,Accessories - Product 774,50
Uncategorized\rt201 Wsdrst36 1 Us,SKU-0775,29.99,10.0,Accessories - Product 775,50
Uncategorized\rt201 Wsdrst48 1 Us,SKU-0776,29.99,10.0,Accessories - Product 776,50
Uncategorized\rt201 Wsdrst60 1 Us,SKU-0777,29.99,10.0,Accessories - Product 777,50
Uncategorized\security Badges,SKU-0778,29.99,10.0,Accessories - Product 778,50
Uncategorized\shop Confidence New,SKU-0779,29.99,10.0,Accessories - Product 779,50
Uncategorized\size 1 8280,SKU-0780,29.99,10.0,Accessories - Product 780,50
Uncategorized\social Distancing 1,SKU-0781,29.99,10.0,Accessories - Product 781,50
Uncategorized\take Away 1,SKU-0782,29.99,10.0,Accessories - Product 782,50
Uncategorized\take Away 1 1,SKU-0783,29.99,10.0,Accessories - Product 783,50
Uncategorized\temperory Bos 1,SKU-0784,29.99,10.0,Accessories - Product 784,50
Uncategorized\testing Please Wait In Your Car 1,SKU-0785,29.99,10.0,Accessories - Product 785,50
Uncategorized\upbrpr01 1 1,SKU-0786,29.99,10.0,Accessories - Product 786,50
Uncategorized\updcbc01 1 1,SKU-0787,29.99,10.0,Accessories - Product 787,50
Uncategorized\upfbcd01 1 1,SKU-0788,29.99,10.0,Accessories - Product 788,50
Uncategorized\upflgc01 1 1,SKU-0789,29.99,10.0,Accessories - Product 789,50
Uncategorized\upfogc01 1 1,SKU-0790,29.99,10.0,Accessories - Product 790,50
Uncategorized\upsbcd01 1 1,SKU-0791,29.99,10.0,Accessories - Product 791,50
Uncategorized\verified Purchase,SKU-0792,29.99,10.0,Accessories - Product 792,50
Uncategorized\we Are Open 1,SKU-0793,29.99,10.0,Accessories - Product 793,50
Uncategorized\widgetuploadicon,SKU-0794,29.99,10.0,Accessories - Product 794,50
Uncategorized\window Clear 8260,SKU-0795,29.99,10.0,Accessories - Product 795,50
Uncategorized\window Opaque 8261,SKU-0796,29.99,10.0,Accessories - Product 796,50
Uncategorized\window Perforated 8262,SKU-0797,29.99,10.0,Accessories - Product 797,50
Uncategorized\y101 Bbbuys01 1 Us,SKU-0798,29.99,10.0,Accessories - Product 798,50
Uncategorized\y101 Bbdcysg01 1 Us,SKU-0799,29.99,10.0,Accessories - Product 799,50
Uncategorized\y101 Bbpls10 1 Us,SKU-0800,29.99,10.0,Accessories - Product 800,50
Uncategorized\y101 Bbyars01 1 Us,SKU-0801,29.99,10.0,Accessories - Product 801,50
