Name,Default Code,List Price,Cost,Description,Quantity On Hand,Image URL
Sports Trading Card Set 1,CARD-0001,49.99,15,Premium sports trading card set with rare and collectible cards,100,/assets/images/sports_cards/sports_card_0001.jpg
Sports Trading Card Set 2,CARD-0002,49.99,15,Premium sports trading card set with rare and collectible cards,100,/assets/images/sports_cards/sports_card_0002.jpg
Sports Trading Card Set 3,CARD-0003,49.99,15,Premium sports trading card set with rare and collectible cards,100,/assets/images/sports_cards/sports_card_0003.jpg
Sports Trading Card Set 4,CARD-0004,49.99,15,Premium sports trading card set with rare and collectible cards,100,/assets/images/sports_cards/sports_card_0004.jpg
Sports Trading Card Set 5,CARD-0005,49.99,15,Premium sports trading card set with rare and collectible cards,100,/assets/images/sports_cards/sports_card_0005.jpg
Sports Trading Card Set 6,CARD-0006,49.99,15,Premium sports trading card set with rare and collectible cards,100,/assets/images/sports_cards/sports_card_0006.jpg
Sports Trading Card Set 7,CARD-0007,49.99,15,Premium sports trading card set with rare and collectible cards,100,/assets/images/sports_cards/sports_card_0007.jpg
Sports Trading Card Set 8,CARD-0008,49.99,15,Premium sports trading card set with rare and collectible cards,100,/assets/images/sports_cards/sports_card_0008.jpg
Sports Trading Card Set 9,CARD-0009,49.99,15,Premium sports trading card set with rare and collectible cards,100,/assets/images/sports_cards/sports_card_0009.jpg
Sports Trading Card Set 10,CARD-0010,49.99,15,Premium sports trading card set with rare and collectible cards,100,/assets/images/sports_cards/sports_card_0010.jpg
Sports Trading Card Set 11,CARD-0011,49.99,15,Premium sports trading card set with rare and collectible cards,100,/assets/images/sports_cards/sports_card_0011.jpg
Sports Trading Card Set 12,CARD-0012,49.99,15,Premium sports trading card set with rare and collectible cards,100,/assets/images/sports_cards/sports_card_0012.jpg
Sports Trading Card Set 13,CARD-0013,49.99,15,Premium sports trading card set with rare and collectible cards,100,/assets/images/sports_cards/sports_card_0013.jpg
Sports Trading Card Set 14,CARD-0014,49.99,15,Premium sports trading card set with rare and collectible cards,100,/assets/images/sports_cards/sports_card_0014.jpg
Sports Trading Card Set 15,CARD-0015,49.99,15,Premium sports trading card set with rare and collectible cards,100,/assets/images/sports_cards/sports_card_0015.jpg
Sports Trading Card Set 16,CARD-0016,49.99,15,Premium sports trading card set with rare and collectible cards,100,/assets/images/sports_cards/sports_card_0016.jpg
Sports Trading Card Set 17,CARD-0017,49.99,15,Premium sports trading card set with rare and collectible cards,100,/assets/images/sports_cards/sports_card_0017.jpg
Sports Trading Card Set 18,CARD-0018,49.99,15,Premium sports trading card set with rare and collectible cards,100,/assets/images/sports_cards/sports_card_0018.jpg
Sports Trading Card Set 19,CARD-0019,49.99,15,Premium sports trading card set with rare and collectible cards,100,/assets/images/sports_cards/sports_card_0019.jpg
Sports Trading Card Set 20,CARD-0020,49.99,15,Premium sports trading card set with rare and collectible cards,100,/assets/images/sports_cards/sports_card_0020.jpg
Sports Trading Card Set 21,CARD-0021,49.99,15,Premium sports trading card set with rare and collectible cards,100,/assets/images/sports_cards/sports_card_0021.jpg
Sports Trading Card Set 22,CARD-0022,49.99,15,Premium sports trading card set with rare and collectible cards,100,/assets/images/sports_cards/sports_card_0022.jpg
Sports Trading Card Set 23,CARD-0023,49.99,15,Premium sports trading card set with rare and collectible cards,100,/assets/images/sports_cards/sports_card_0023.jpg
Sports Trading Card Set 24,CARD-0024,49.99,15,Premium sports trading card set with rare and collectible cards,100,/assets/images/sports_cards/sports_card_0024.jpg
Sports Trading Card Set 25,CARD-0025,49.99,15,Premium sports trading card set with rare and collectible cards,100,/assets/images/sports_cards/sports_card_0025.jpg
Sports Trading Card Set 26,CARD-0026,49.99,15,Premium sports trading card set with rare and collectible cards,100,/assets/images/sports_cards/sports_card_0026.jpg
Sports Trading Card Set 27,CARD-0027,49.99,15,Premium sports trading card set with rare and collectible cards,100,/assets/images/sports_cards/sports_card_0027.jpg
Sports Trading Card Set 28,CARD-0028,49.99,15,Premium sports trading card set with rare and collectible cards,100,/assets/images/sports_cards/sports_card_0028.jpg
Sports Trading Card Set 29,CARD-0029,49.99,15,Premium sports trading card set with rare and collectible cards,100,/assets/images/sports_cards/sports_card_0029.jpg
Sports Trading Card Set 30,CARD-0030,49.99,15,Premium sports trading card set with rare and collectible cards,100,/assets/images/sports_cards/sports_card_0030.jpg
Sports Trading Card Set 31,CARD-0031,49.99,15,Premium sports trading card set with rare and collectible cards,100,/assets/images/sports_cards/sports_card_0031.jpg
Sports Trading Card Set 32,CARD-0032,49.99,15,Premium sports trading card set with rare and collectible cards,100,/assets/images/sports_cards/sports_card_0032.jpg
Sports Trading Card Set 33,CARD-0033,49.99,15,Premium sports trading card set with rare and collectible cards,100,/assets/images/sports_cards/sports_card_0033.jpg
Sports Trading Card Set 34,CARD-0034,49.99,15,Premium sports trading card set with rare and collectible cards,100,/assets/images/sports_cards/sports_card_0034.jpg
Sports Trading Card Set 35,CARD-0035,49.99,15,Premium sports trading card set with rare and collectible cards,100,/assets/images/sports_cards/sports_card_0035.jpg
Sports Trading Card Set 36,CARD-0036,49.99,15,Premium sports trading card set with rare and collectible cards,100,/assets/images/sports_cards/sports_card_0036.jpg
Sports Trading Card Set 37,CARD-0037,49.99,15,Premium sports trading card set with rare and collectible cards,100,/assets/images/sports_cards/sports_card_0037.jpg
Sports Trading Card Set 38,CARD-0038,49.99,15,Premium sports trading card set with rare and collectible cards,100,/assets/images/sports_cards/sports_card_0038.jpg
Sports Trading Card Set 39,CARD-0039,49.99,15,Premium sports trading card set with rare and collectible cards,100,/assets/images/sports_cards/sports_card_0039.jpg
Sports Trading Card Set 40,CARD-0040,49.99,15,Premium sports trading card set with rare and collectible cards,100,/assets/images/sports_cards/sports_card_0040.jpg
Sports Trading Card Set 41,CARD-0041,49.99,15,Premium sports trading card set with rare and collectible cards,100,/assets/images/sports_cards/sports_card_0041.jpg
Sports Trading Card Set 42,CARD-0042,49.99,15,Premium sports trading card set with rare and collectible cards,100,/assets/images/sports_cards/sports_card_0042.jpg
Sports Trading Card Set 43,CARD-0043,49.99,15,Premium sports trading card set with rare and collectible cards,100,/assets/images/sports_cards/sports_card_0043.jpg
Sports Trading Card Set 44,CARD-0044,49.99,15,Premium sports trading card set with rare and collectible cards,100,/assets/images/sports_cards/sports_card_0044.jpg
Sports Trading Card Set 45,CARD-0045,49.99,15,Premium sports trading card set with rare and collectible cards,100,/assets/images/sports_cards/sports_card_0045.jpg
Sports Trading Card Set 46,CARD-0046,49.99,15,Premium sports trading card set with rare and collectible cards,100,/assets/images/sports_cards/sports_card_0046.jpg
Sports Trading Card Set 47,CARD-0047,49.99,15,Premium sports trading card set with rare and collectible cards,100,/assets/images/sports_cards/sports_card_0047.jpg
Sports Trading Card Set 48,CARD-0048,49.99,15,Premium sports trading card set with rare and collectible cards,100,/assets/images/sports_cards/sports_card_0048.jpg
Sports Trading Card Set 49,CARD-0049,49.99,15,Premium sports trading card set with rare and collectible cards,100,/assets/images/sports_cards/sports_card_0049.jpg
Sports Trading Card Set 50,CARD-0050,49.99,15,Premium sports trading card set with rare and collectible cards,100,/assets/images/sports_cards/sports_card_0050.jpg
Sports Trading Card Set 51,CARD-0051,49.99,15,Premium sports trading card set with rare and collectible cards,100,/assets/images/sports_cards/sports_card_0051.jpg
Sports Trading Card Set 52,CARD-0052,49.99,15,Premium sports trading card set with rare and collectible cards,100,/assets/images/sports_cards/sports_card_0052.jpg
Sports Trading Card Set 53,CARD-0053,49.99,15,Premium sports trading card set with rare and collectible cards,100,/assets/images/sports_cards/sports_card_0053.jpg
Sports Trading Card Set 54,CARD-0054,49.99,15,Premium sports trading card set with rare and collectible cards,100,/assets/images/sports_cards/sports_card_0054.jpg
Sports Trading Card Set 55,CARD-0055,49.99,15,Premium sports trading card set with rare and collectible cards,100,/assets/images/sports_cards/sports_card_0055.jpg
Sports Trading Card Set 56,CARD-0056,49.99,15,Premium sports trading card set with rare and collectible cards,100,/assets/images/sports_cards/sports_card_0056.jpg
Sports Trading Card Set 57,CARD-0057,49.99,15,Premium sports trading card set with rare and collectible cards,100,/assets/images/sports_cards/sports_card_0057.jpg
Sports Trading Card Set 58,CARD-0058,49.99,15,Premium sports trading card set with rare and collectible cards,100,/assets/images/sports_cards/sports_card_0058.jpg
Sports Trading Card Set 59,CARD-0059,49.99,15,Premium sports trading card set with rare and collectible cards,100,/assets/images/sports_cards/sports_card_0059.jpg
Sports Trading Card Set 60,CARD-0060,49.99,15,Premium sports trading card set with rare and collectible cards,100,/assets/images/sports_cards/sports_card_0060.jpg
Sports Trading Card Set 61,CARD-0061,49.99,15,Premium sports trading card set with rare and collectible cards,100,/assets/images/sports_cards/sports_card_0061.jpg
Sports Trading Card Set 62,CARD-0062,49.99,15,Premium sports trading card set with rare and collectible cards,100,/assets/images/sports_cards/sports_card_0062.jpg
Sports Trading Card Set 63,CARD-0063,49.99,15,Premium sports trading card set with rare and collectible cards,100,/assets/images/sports_cards/sports_card_0063.jpg
Sports Trading Card Set 64,CARD-0064,49.99,15,Premium sports trading card set with rare and collectible cards,100,/assets/images/sports_cards/sports_card_0064.jpg
Sports Trading Card Set 65,CARD-0065,49.99,15,Premium sports trading card set with rare and collectible cards,100,/assets/images/sports_cards/sports_card_0065.jpg
Sports Trading Card Set 66,CARD-0066,49.99,15,Premium sports trading card set with rare and collectible cards,100,/assets/images/sports_cards/sports_card_0066.jpg
Sports Trading Card Set 67,CARD-0067,49.99,15,Premium sports trading card set with rare and collectible cards,100,/assets/images/sports_cards/sports_card_0067.jpg
Sports Trading Card Set 68,CARD-0068,49.99,15,Premium sports trading card set with rare and collectible cards,100,/assets/images/sports_cards/sports_card_0068.jpg
Sports Trading Card Set 69,CARD-0069,49.99,15,Premium sports trading card set with rare and collectible cards,100,/assets/images/sports_cards/sports_card_0069.jpg
Sports Trading Card Set 70,CARD-0070,49.99,15,Premium sports trading card set with rare and collectible cards,100,/assets/images/sports_cards/sports_card_0070.jpg
Sports Trading Card Set 71,CARD-0071,49.99,15,Premium sports trading card set with rare and collectible cards,100,/assets/images/sports_cards/sports_card_0071.jpg
Sports Trading Card Set 72,CARD-0072,49.99,15,Premium sports trading card set with rare and collectible cards,100,/assets/images/sports_cards/sports_card_0072.jpg
Sports Trading Card Set 73,CARD-0073,49.99,15,Premium sports trading card set with rare and collectible cards,100,/assets/images/sports_cards/sports_card_0073.jpg
Sports Trading Card Set 74,CARD-0074,49.99,15,Premium sports trading card set with rare and collectible cards,100,/assets/images/sports_cards/sports_card_0074.jpg
Sports Trading Card Set 75,CARD-0075,49.99,15,Premium sports trading card set with rare and collectible cards,100,/assets/images/sports_cards/sports_card_0075.jpg
Sports Trading Card Set 76,CARD-0076,49.99,15,Premium sports trading card set with rare and collectible cards,100,/assets/images/sports_cards/sports_card_0076.jpg
Sports Trading Card Set 77,CARD-0077,49.99,15,Premium sports trading card set with rare and collectible cards,100,/assets/images/sports_cards/sports_card_0077.jpg
Sports Trading Card Set 78,CARD-0078,49.99,15,Premium sports trading card set with rare and collectible cards,100,/assets/images/sports_cards/sports_card_0078.jpg
Sports Trading Card Set 79,CARD-0079,49.99,15,Premium sports trading card set with rare and collectible cards,100,/assets/images/sports_cards/sports_card_0079.jpg
Sports Trading Card Set 80,CARD-0080,49.99,15,Premium sports trading card set with rare and collectible cards,100,/assets/images/sports_cards/sports_card_0080.jpg
Sports Trading Card Set 81,CARD-0081,49.99,15,Premium sports trading card set with rare and collectible cards,100,/assets/images/sports_cards/sports_card_0081.jpg
Sports Trading Card Set 82,CARD-0082,49.99,15,Premium sports trading card set with rare and collectible cards,100,/assets/images/sports_cards/sports_card_0082.jpg
Sports Trading Card Set 83,CARD-0083,49.99,15,Premium sports trading card set with rare and collectible cards,100,/assets/images/sports_cards/sports_card_0083.jpg
Sports Trading Card Set 84,CARD-0084,49.99,15,Premium sports trading card set with rare and collectible cards,100,/assets/images/sports_cards/sports_card_0084.jpg
Sports Trading Card Set 85,CARD-0085,49.99,15,Premium sports trading card set with rare and collectible cards,100,/assets/images/sports_cards/sports_card_0085.jpg
Sports Trading Card Set 86,CARD-0086,49.99,15,Premium sports trading card set with rare and collectible cards,100,/assets/images/sports_cards/sports_card_0086.jpg
Sports Trading Card Set 87,CARD-0087,49.99,15,Premium sports trading card set with rare and collectible cards,100,/assets/images/sports_cards/sports_card_0087.jpg
Sports Trading Card Set 88,CARD-0088,49.99,15,Premium sports trading card set with rare and collectible cards,100,/assets/images/sports_cards/sports_card_0088.jpg
Sports Trading Card Set 89,CARD-0089,49.99,15,Premium sports trading card set with rare and collectible cards,100,/assets/images/sports_cards/sports_card_0089.jpg
Sports Trading Card Set 90,CARD-0090,49.99,15,Premium sports trading card set with rare and collectible cards,100,/assets/images/sports_cards/sports_card_0090.jpg
Sports Trading Card Set 91,CARD-0091,49.99,15,Premium sports trading card set with rare and collectible cards,100,/assets/images/sports_cards/sports_card_0091.jpg
Sports Trading Card Set 92,CARD-0092,49.99,15,Premium sports trading card set with rare and collectible cards,100,/assets/images/sports_cards/sports_card_0092.jpg
Sports Trading Card Set 93,CARD-0093,49.99,15,Premium sports trading card set with rare and collectible cards,100,/assets/images/sports_cards/sports_card_0093.jpg
Sports Trading Card Set 94,CARD-0094,49.99,15,Premium sports trading card set with rare and collectible cards,100,/assets/images/sports_cards/sports_card_0094.jpg
Sports Trading Card Set 95,CARD-0095,49.99,15,Premium sports trading card set with rare and collectible cards,100,/assets/images/sports_cards/sports_card_0095.jpg
Sports Trading Card Set 96,CARD-0096,49.99,15,Premium sports trading card set with rare and collectible cards,100,/assets/images/sports_cards/sports_card_0096.jpg
Sports Trading Card Set 97,CARD-0097,49.99,15,Premium sports trading card set with rare and collectible cards,100,/assets/images/sports_cards/sports_card_0097.jpg
Sports Trading Card Set 98,CARD-0098,49.99,15,Premium sports trading card set with rare and collectible cards,100,/assets/images/sports_cards/sports_card_0098.jpg
Sports Trading Card Set 99,CARD-0099,49.99,15,Premium sports trading card set with rare and collectible cards,100,/assets/images/sports_cards/sports_card_0099.jpg
Sports Trading Card Set 100,CARD-0100,49.99,15,Premium sports trading card set with rare and collectible cards,100,/assets/images/sports_cards/sports_card_0100.jpg
Sports Trading Card Set 101,CARD-0101,49.99,15,Premium sports trading card set with rare and collectible cards,100,/assets/images/sports_cards/sports_card_0101.jpg
Sports Trading Card Set 102,CARD-0102,49.99,15,Premium sports trading card set with rare and collectible cards,100,/assets/images/sports_cards/sports_card_0102.jpg
Sports Trading Card Set 103,CARD-0103,49.99,15,Premium sports trading card set with rare and collectible cards,100,/assets/images/sports_cards/sports_card_0103.jpg
Sports Trading Card Set 104,CARD-0104,49.99,15,Premium sports trading card set with rare and collectible cards,100,/assets/images/sports_cards/sports_card_0104.jpg
Sports Trading Card Set 105,CARD-0105,49.99,15,Premium sports trading card set with rare and collectible cards,100,/assets/images/sports_cards/sports_card_0105.jpg
Sports Trading Card Set 106,CARD-0106,49.99,15,Premium sports trading card set with rare and collectible cards,100,/assets/images/sports_cards/sports_card_0106.jpg
Sports Trading Card Set 107,CARD-0107,49.99,15,Premium sports trading card set with rare and collectible cards,100,/assets/images/sports_cards/sports_card_0107.jpg
Sports Trading Card Set 108,CARD-0108,49.99,15,Premium sports trading card set with rare and collectible cards,100,/assets/images/sports_cards/sports_card_0108.jpg
Sports Trading Card Set 109,CARD-0109,49.99,15,Premium sports trading card set with rare and collectible cards,100,/assets/images/sports_cards/sports_card_0109.jpg
Sports Trading Card Set 110,CARD-0110,49.99,15,Premium sports trading card set with rare and collectible cards,100,/assets/images/sports_cards/sports_card_0110.jpg
Sports Trading Card Set 111,CARD-0111,49.99,15,Premium sports trading card set with rare and collectible cards,100,/assets/images/sports_cards/sports_card_0111.jpg
Sports Trading Card Set 112,CARD-0112,49.99,15,Premium sports trading card set with rare and collectible cards,100,/assets/images/sports_cards/sports_card_0112.jpg
Sports Trading Card Set 113,CARD-0113,49.99,15,Premium sports trading card set with rare and collectible cards,100,/assets/images/sports_cards/sports_card_0113.jpg
Sports Trading Card Set 114,CARD-0114,49.99,15,Premium sports trading card set with rare and collectible cards,100,/assets/images/sports_cards/sports_card_0114.jpg
Sports Trading Card Set 115,CARD-0115,49.99,15,Premium sports trading card set with rare and collectible cards,100,/assets/images/sports_cards/sports_card_0115.jpg
Sports Trading Card Set 116,CARD-0116,49.99,15,Premium sports trading card set with rare and collectible cards,100,/assets/images/sports_cards/sports_card_0116.jpg
Sports Trading Card Set 117,CARD-0117,49.99,15,Premium sports trading card set with rare and collectible cards,100,/assets/images/sports_cards/sports_card_0117.jpg
Sports Trading Card Set 118,CARD-0118,49.99,15,Premium sports trading card set with rare and collectible cards,100,/assets/images/sports_cards/sports_card_0118.jpg
Sports Trading Card Set 119,CARD-0119,49.99,15,Premium sports trading card set with rare and collectible cards,100,/assets/images/sports_cards/sports_card_0119.jpg
Sports Trading Card Set 120,CARD-0120,49.99,15,Premium sports trading card set with rare and collectible cards,100,/assets/images/sports_cards/sports_card_0120.jpg
Sports Trading Card Set 121,CARD-0121,49.99,15,Premium sports trading card set with rare and collectible cards,100,/assets/images/sports_cards/sports_card_0121.jpg
Sports Trading Card Set 122,CARD-0122,49.99,15,Premium sports trading card set with rare and collectible cards,100,/assets/images/sports_cards/sports_card_0122.jpg
Sports Trading Card Set 123,CARD-0123,49.99,15,Premium sports trading card set with rare and collectible cards,100,/assets/images/sports_cards/sports_card_0123.jpg
Sports Trading Card Set 124,CARD-0124,49.99,15,Premium sports trading card set with rare and collectible cards,100,/assets/images/sports_cards/sports_card_0124.jpg
Sports Trading Card Set 125,CARD-0125,49.99,15,Premium sports trading card set with rare and collectible cards,100,/assets/images/sports_cards/sports_card_0125.jpg
Sports Trading Card Set 126,CARD-0126,49.99,15,Premium sports trading card set with rare and collectible cards,100,/assets/images/sports_cards/sports_card_0126.jpg
Sports Trading Card Set 127,CARD-0127,49.99,15,Premium sports trading card set with rare and collectible cards,100,/assets/images/sports_cards/sports_card_0127.jpg
Sports Trading Card Set 128,CARD-0128,49.99,15,Premium sports trading card set with rare and collectible cards,100,/assets/images/sports_cards/sports_card_0128.jpg
Sports Trading Card Set 129,CARD-0129,49.99,15,Premium sports trading card set with rare and collectible cards,100,/assets/images/sports_cards/sports_card_0129.jpg
Sports Trading Card Set 130,CARD-0130,49.99,15,Premium sports trading card set with rare and collectible cards,100,/assets/images/sports_cards/sports_card_0130.jpg
Sports Trading Card Set 131,CARD-0131,49.99,15,Premium sports trading card set with rare and collectible cards,100,/assets/images/sports_cards/sports_card_0131.jpg
Sports Trading Card Set 132,CARD-0132,49.99,15,Premium sports trading card set with rare and collectible cards,100,/assets/images/sports_cards/sports_card_0132.jpg
Sports Trading Card Set 133,CARD-0133,49.99,15,Premium sports trading card set with rare and collectible cards,100,/assets/images/sports_cards/sports_card_0133.jpg
Sports Trading Card Set 134,CARD-0134,49.99,15,Premium sports trading card set with rare and collectible cards,100,/assets/images/sports_cards/sports_card_0134.jpg
Sports Trading Card Set 135,CARD-0135,49.99,15,Premium sports trading card set with rare and collectible cards,100,/assets/images/sports_cards/sports_card_0135.jpg
Sports Trading Card Set 136,CARD-0136,49.99,15,Premium sports trading card set with rare and collectible cards,100,/assets/images/sports_cards/sports_card_0136.jpg
Sports Trading Card Set 137,CARD-0137,49.99,15,Premium sports trading card set with rare and collectible cards,100,/assets/images/sports_cards/sports_card_0137.jpg
Sports Trading Card Set 138,CARD-0138,49.99,15,Premium sports trading card set with rare and collectible cards,100,/assets/images/sports_cards/sports_card_0138.jpg
Sports Trading Card Set 139,CARD-0139,49.99,15,Premium sports trading card set with rare and collectible cards,100,/assets/images/sports_cards/sports_card_0139.jpg
Sports Trading Card Set 140,CARD-0140,49.99,15,Premium sports trading card set with rare and collectible cards,100,/assets/images/sports_cards/sports_card_0140.jpg
Sports Trading Card Set 141,CARD-0141,49.99,15,Premium sports trading card set with rare and collectible cards,100,/assets/images/sports_cards/sports_card_0141.jpg
Sports Trading Card Set 142,CARD-0142,49.99,15,Premium sports trading card set with rare and collectible cards,100,/assets/images/sports_cards/sports_card_0142.jpg
Sports Trading Card Set 143,CARD-0143,49.99,15,Premium sports trading card set with rare and collectible cards,100,/assets/images/sports_cards/sports_card_0143.jpg
Sports Trading Card Set 144,CARD-0144,49.99,15,Premium sports trading card set with rare and collectible cards,100,/assets/images/sports_cards/sports_card_0144.jpg
Sports Trading Card Set 145,CARD-0145,49.99,15,Premium sports trading card set with rare and collectible cards,100,/assets/images/sports_cards/sports_card_0145.jpg
Sports Trading Card Set 146,CARD-0146,49.99,15,Premium sports trading card set with rare and collectible cards,100,/assets/images/sports_cards/sports_card_0146.jpg
Sports Trading Card Set 147,CARD-0147,49.99,15,Premium sports trading card set with rare and collectible cards,100,/assets/images/sports_cards/sports_card_0147.jpg
Sports Trading Card Set 148,CARD-0148,49.99,15,Premium sports trading card set with rare and collectible cards,100,/assets/images/sports_cards/sports_card_0148.jpg
Sports Trading Card Set 149,CARD-0149,49.99,15,Premium sports trading card set with rare and collectible cards,100,/assets/images/sports_cards/sports_card_0149.jpg
Sports Trading Card Set 150,CARD-0150,49.99,15,Premium sports trading card set with rare and collectible cards,100,/assets/images/sports_cards/sports_card_0150.jpg
Sports Trading Card Set 151,CARD-0151,49.99,15,Premium sports trading card set with rare and collectible cards,100,/assets/images/sports_cards/sports_card_0151.jpg
Sports Trading Card Set 152,CARD-0152,49.99,15,Premium sports trading card set with rare and collectible cards,100,/assets/images/sports_cards/sports_card_0152.jpg
Sports Trading Card Set 153,CARD-0153,49.99,15,Premium sports trading card set with rare and collectible cards,100,/assets/images/sports_cards/sports_card_0153.jpg
Sports Trading Card Set 154,CARD-0154,49.99,15,Premium sports trading card set with rare and collectible cards,100,/assets/images/sports_cards/sports_card_0154.jpg
Sports Trading Card Set 155,CARD-0155,49.99,15,Premium sports trading card set with rare and collectible cards,100,/assets/images/sports_cards/sports_card_0155.jpg
Sports Trading Card Set 156,CARD-0156,49.99,15,Premium sports trading card set with rare and collectible cards,100,/assets/images/sports_cards/sports_card_0156.jpg
Sports Trading Card Set 157,CARD-0157,49.99,15,Premium sports trading card set with rare and collectible cards,100,/assets/images/sports_cards/sports_card_0157.jpg
Sports Trading Card Set 158,CARD-0158,49.99,15,Premium sports trading card set with rare and collectible cards,100,/assets/images/sports_cards/sports_card_0158.jpg
Sports Trading Card Set 159,CARD-0159,49.99,15,Premium sports trading card set with rare and collectible cards,100,/assets/images/sports_cards/sports_card_0159.jpg
Sports Trading Card Set 160,CARD-0160,49.99,15,Premium sports trading card set with rare and collectible cards,100,/assets/images/sports_cards/sports_card_0160.jpg
Sports Trading Card Set 161,CARD-0161,49.99,15,Premium sports trading card set with rare and collectible cards,100,/assets/images/sports_cards/sports_card_0161.jpg
Sports Trading Card Set 162,CARD-0162,49.99,15,Premium sports trading card set with rare and collectible cards,100,/assets/images/sports_cards/sports_card_0162.jpg
Sports Trading Card Set 163,CARD-0163,49.99,15,Premium sports trading card set with rare and collectible cards,100,/assets/images/sports_cards/sports_card_0163.jpg
Sports Trading Card Set 164,CARD-0164,49.99,15,Premium sports trading card set with rare and collectible cards,100,/assets/images/sports_cards/sports_card_0164.jpg
Sports Trading Card Set 165,CARD-0165,49.99,15,Premium sports trading card set with rare and collectible cards,100,/assets/images/sports_cards/sports_card_0165.jpg
Sports Trading Card Set 166,CARD-0166,49.99,15,Premium sports trading card set with rare and collectible cards,100,/assets/images/sports_cards/sports_card_0166.jpg
Sports Trading Card Set 167,CARD-0167,49.99,15,Premium sports trading card set with rare and collectible cards,100,/assets/images/sports_cards/sports_card_0167.jpg
Sports Trading Card Set 168,CARD-0168,49.99,15,Premium sports trading card set with rare and collectible cards,100,/assets/images/sports_cards/sports_card_0168.jpg
Sports Trading Card Set 169,CARD-0169,49.99,15,Premium sports trading card set with rare and collectible cards,100,/assets/images/sports_cards/sports_card_0169.jpg
Sports Trading Card Set 170,CARD-0170,49.99,15,Premium sports trading card set with rare and collectible cards,100,/assets/images/sports_cards/sports_card_0170.jpg
Sports Trading Card Set 171,CARD-0171,49.99,15,Premium sports trading card set with rare and collectible cards,100,/assets/images/sports_cards/sports_card_0171.jpg
Sports Trading Card Set 172,CARD-0172,49.99,15,Premium sports trading card set with rare and collectible cards,100,/assets/images/sports_cards/sports_card_0172.jpg
Sports Trading Card Set 173,CARD-0173,49.99,15,Premium sports trading card set with rare and collectible cards,100,/assets/images/sports_cards/sports_card_0173.jpg
Sports Trading Card Set 174,CARD-0174,49.99,15,Premium sports trading card set with rare and collectible cards,100,/assets/images/sports_cards/sports_card_0174.jpg
Sports Trading Card Set 175,CARD-0175,49.99,15,Premium sports trading card set with rare and collectible cards,100,/assets/images/sports_cards/sports_card_0175.jpg
Sports Trading Card Set 176,CARD-0176,49.99,15,Premium sports trading card set with rare and collectible cards,100,/assets/images/sports_cards/sports_card_0176.jpg
Sports Trading Card Set 177,CARD-0177,49.99,15,Premium sports trading card set with rare and collectible cards,100,/assets/images/sports_cards/sports_card_0177.jpg
Sports Trading Card Set 178,CARD-0178,49.99,15,Premium sports trading card set with rare and collectible cards,100,/assets/images/sports_cards/sports_card_0178.jpg
Sports Trading Card Set 179,CARD-0179,49.99,15,Premium sports trading card set with rare and collectible cards,100,/assets/images/sports_cards/sports_card_0179.jpg
Sports Trading Card Set 180,CARD-0180,49.99,15,Premium sports trading card set with rare and collectible cards,100,/assets/images/sports_cards/sports_card_0180.jpg
Sports Trading Card Set 181,CARD-0181,49.99,15,Premium sports trading card set with rare and collectible cards,100,/assets/images/sports_cards/sports_card_0181.jpg
Sports Trading Card Set 182,CARD-0182,49.99,15,Premium sports trading card set with rare and collectible cards,100,/assets/images/sports_cards/sports_card_0182.jpg
Sports Trading Card Set 183,CARD-0183,49.99,15,Premium sports trading card set with rare and collectible cards,100,/assets/images/sports_cards/sports_card_0183.jpg
Sports Trading Card Set 184,CARD-0184,49.99,15,Premium sports trading card set with rare and collectible cards,100,/assets/images/sports_cards/sports_card_0184.jpg
Sports Trading Card Set 185,CARD-0185,49.99,15,Premium sports trading card set with rare and collectible cards,100,/assets/images/sports_cards/sports_card_0185.jpg
Sports Trading Card Set 186,CARD-0186,49.99,15,Premium sports trading card set with rare and collectible cards,100,/assets/images/sports_cards/sports_card_0186.jpg
Sports Trading Card Set 187,CARD-0187,49.99,15,Premium sports trading card set with rare and collectible cards,100,/assets/images/sports_cards/sports_card_0187.jpg
Sports Trading Card Set 188,CARD-0188,49.99,15,Premium sports trading card set with rare and collectible cards,100,/assets/images/sports_cards/sports_card_0188.jpg
Sports Trading Card Set 189,CARD-0189,49.99,15,Premium sports trading card set with rare and collectible cards,100,/assets/images/sports_cards/sports_card_0189.jpg
Sports Trading Card Set 190,CARD-0190,49.99,15,Premium sports trading card set with rare and collectible cards,100,/assets/images/sports_cards/sports_card_0190.jpg
Sports Trading Card Set 191,CARD-0191,49.99,15,Premium sports trading card set with rare and collectible cards,100,/assets/images/sports_cards/sports_card_0191.jpg
Sports Trading Card Set 192,CARD-0192,49.99,15,Premium sports trading card set with rare and collectible cards,100,/assets/images/sports_cards/sports_card_0192.jpg
Sports Trading Card Set 193,CARD-0193,49.99,15,Premium sports trading card set with rare and collectible cards,100,/assets/images/sports_cards/sports_card_0193.jpg
Sports Trading Card Set 194,CARD-0194,49.99,15,Premium sports trading card set with rare and collectible cards,100,/assets/images/sports_cards/sports_card_0194.jpg
Sports Trading Card Set 195,CARD-0195,49.99,15,Premium sports trading card set with rare and collectible cards,100,/assets/images/sports_cards/sports_card_0195.jpg
Sports Trading Card Set 196,CARD-0196,49.99,15,Premium sports trading card set with rare and collectible cards,100,/assets/images/sports_cards/sports_card_0196.jpg
Sports Trading Card Set 197,CARD-0197,49.99,15,Premium sports trading card set with rare and collectible cards,100,/assets/images/sports_cards/sports_card_0197.jpg
Sports Trading Card Set 198,CARD-0198,49.99,15,Premium sports trading card set with rare and collectible cards,100,/assets/images/sports_cards/sports_card_0198.jpg
Sports Trading Card Set 199,CARD-0199,49.99,15,Premium sports trading card set with rare and collectible cards,100,/assets/images/sports_cards/sports_card_0199.jpg
Sports Trading Card Set 200,CARD-0200,49.99,15,Premium sports trading card set with rare and collectible cards,100,/assets/images/sports_cards/sports_card_0200.jpg
Sports Trading Card Set 201,CARD-0201,49.99,15,Premium sports trading card set with rare and collectible cards,100,/assets/images/sports_cards/sports_card_0201.jpg
Sports Trading Card Set 202,CARD-0202,49.99,15,Premium sports trading card set with rare and collectible cards,100,/assets/images/sports_cards/sports_card_0202.jpg
Sports Trading Card Set 203,CARD-0203,49.99,15,Premium sports trading card set with rare and collectible cards,100,/assets/images/sports_cards/sports_card_0203.jpg
Sports Trading Card Set 204,CARD-0204,49.99,15,Premium sports trading card set with rare and collectible cards,100,/assets/images/sports_cards/sports_card_0204.jpg
Sports Trading Card Set 205,CARD-0205,49.99,15,Premium sports trading card set with rare and collectible cards,100,/assets/images/sports_cards/sports_card_0205.jpg
Sports Trading Card Set 206,CARD-0206,49.99,15,Premium sports trading card set with rare and collectible cards,100,/assets/images/sports_cards/sports_card_0206.jpg
Sports Trading Card Set 207,CARD-0207,49.99,15,Premium sports trading card set with rare and collectible cards,100,/assets/images/sports_cards/sports_card_0207.jpg
Sports Trading Card Set 208,CARD-0208,49.99,15,Premium sports trading card set with rare and collectible cards,100,/assets/images/sports_cards/sports_card_0208.jpg
Sports Trading Card Set 209,CARD-0209,49.99,15,Premium sports trading card set with rare and collectible cards,100,/assets/images/sports_cards/sports_card_0209.jpg
Sports Trading Card Set 210,CARD-0210,49.99,15,Premium sports trading card set with rare and collectible cards,100,/assets/images/sports_cards/sports_card_0210.jpg
Sports Trading Card Set 211,CARD-0211,49.99,15,Premium sports trading card set with rare and collectible cards,100,/assets/images/sports_cards/sports_card_0211.jpg
Sports Trading Card Set 212,CARD-0212,49.99,15,Premium sports trading card set with rare and collectible cards,100,/assets/images/sports_cards/sports_card_0212.jpg
Sports Trading Card Set 213,CARD-0213,49.99,15,Premium sports trading card set with rare and collectible cards,100,/assets/images/sports_cards/sports_card_0213.jpg
Sports Trading Card Set 214,CARD-0214,49.99,15,Premium sports trading card set with rare and collectible cards,100,/assets/images/sports_cards/sports_card_0214.jpg
Sports Trading Card Set 215,CARD-0215,49.99,15,Premium sports trading card set with rare and collectible cards,100,/assets/images/sports_cards/sports_card_0215.jpg
Sports Trading Card Set 216,CARD-0216,49.99,15,Premium sports trading card set with rare and collectible cards,100,/assets/images/sports_cards/sports_card_0216.jpg
Sports Trading Card Set 217,CARD-0217,49.99,15,Premium sports trading card set with rare and collectible cards,100,/assets/images/sports_cards/sports_card_0217.jpg
Sports Trading Card Set 218,CARD-0218,49.99,15,Premium sports trading card set with rare and collectible cards,100,/assets/images/sports_cards/sports_card_0218.jpg
Sports Trading Card Set 219,CARD-0219,49.99,15,Premium sports trading card set with rare and collectible cards,100,/assets/images/sports_cards/sports_card_0219.jpg
Sports Trading Card Set 220,CARD-0220,49.99,15,Premium sports trading card set with rare and collectible cards,100,/assets/images/sports_cards/sports_card_0220.jpg
Sports Trading Card Set 221,CARD-0221,49.99,15,Premium sports trading card set with rare and collectible cards,100,/assets/images/sports_cards/sports_card_0221.jpg
Sports Trading Card Set 222,CARD-0222,49.99,15,Premium sports trading card set with rare and collectible cards,100,/assets/images/sports_cards/sports_card_0222.jpg
Sports Trading Card Set 223,CARD-0223,49.99,15,Premium sports trading card set with rare and collectible cards,100,/assets/images/sports_cards/sports_card_0223.jpg
Sports Trading Card Set 224,CARD-0224,49.99,15,Premium sports trading card set with rare and collectible cards,100,/assets/images/sports_cards/sports_card_0224.jpg
Sports Trading Card Set 225,CARD-0225,49.99,15,Premium sports trading card set with rare and collectible cards,100,/assets/images/sports_cards/sports_card_0225.jpg
Sports Trading Card Set 226,CARD-0226,49.99,15,Premium sports trading card set with rare and collectible cards,100,/assets/images/sports_cards/sports_card_0226.jpg
Sports Trading Card Set 227,CARD-0227,49.99,15,Premium sports trading card set with rare and collectible cards,100,/assets/images/sports_cards/sports_card_0227.jpg
Sports Trading Card Set 228,CARD-0228,49.99,15,Premium sports trading card set with rare and collectible cards,100,/assets/images/sports_cards/sports_card_0228.jpg
Sports Trading Card Set 229,CARD-0229,49.99,15,Premium sports trading card set with rare and collectible cards,100,/assets/images/sports_cards/sports_card_0229.jpg
Sports Trading Card Set 230,CARD-0230,49.99,15,Premium sports trading card set with rare and collectible cards,100,/assets/images/sports_cards/sports_card_0230.jpg
Sports Trading Card Set 231,CARD-0231,49.99,15,Premium sports trading card set with rare and collectible cards,100,/assets/images/sports_cards/sports_card_0231.jpg
Sports Trading Card Set 232,CARD-0232,49.99,15,Premium sports trading card set with rare and collectible cards,100,/assets/images/sports_cards/sports_card_0232.jpg
Sports Trading Card Set 233,CARD-0233,49.99,15,Premium sports trading card set with rare and collectible cards,100,/assets/images/sports_cards/sports_card_0233.jpg
Sports Trading Card Set 234,CARD-0234,49.99,15,Premium sports trading card set with rare and collectible cards,100,/assets/images/sports_cards/sports_card_0234.jpg
Sports Trading Card Set 235,CARD-0235,49.99,15,Premium sports trading card set with rare and collectible cards,100,/assets/images/sports_cards/sports_card_0235.jpg
Sports Trading Card Set 236,CARD-0236,49.99,15,Premium sports trading card set with rare and collectible cards,100,/assets/images/sports_cards/sports_card_0236.jpg
Sports Trading Card Set 237,CARD-0237,49.99,15,Premium sports trading card set with rare and collectible cards,100,/assets/images/sports_cards/sports_card_0237.jpg
Sports Trading Card Set 238,CARD-0238,49.99,15,Premium sports trading card set with rare and collectible cards,100,/assets/images/sports_cards/sports_card_0238.jpg
Sports Trading Card Set 239,CARD-0239,49.99,15,Premium sports trading card set with rare and collectible cards,100,/assets/images/sports_cards/sports_card_0239.jpg
Sports Trading Card Set 240,CARD-0240,49.99,15,Premium sports trading card set with rare and collectible cards,100,/assets/images/sports_cards/sports_card_0240.jpg
Sports Trading Card Set 241,CARD-0241,49.99,15,Premium sports trading card set with rare and collectible cards,100,/assets/images/sports_cards/sports_card_0241.jpg
Sports Trading Card Set 242,CARD-0242,49.99,15,Premium sports trading card set with rare and collectible cards,100,/assets/images/sports_cards/sports_card_0242.jpg
Sports Trading Card Set 243,CARD-0243,49.99,15,Premium sports trading card set with rare and collectible cards,100,/assets/images/sports_cards/sports_card_0243.jpg
Sports Trading Card Set 244,CARD-0244,49.99,15,Premium sports trading card set with rare and collectible cards,100,/assets/images/sports_cards/sports_card_0244.jpg
Sports Trading Card Set 245,CARD-0245,49.99,15,Premium sports trading card set with rare and collectible cards,100,/assets/images/sports_cards/sports_card_0245.jpg
Sports Trading Card Set 246,CARD-0246,49.99,15,Premium sports trading card set with rare and collectible cards,100,/assets/images/sports_cards/sports_card_0246.jpg
Sports Trading Card Set 247,CARD-0247,49.99,15,Premium sports trading card set with rare and collectible cards,100,/assets/images/sports_cards/sports_card_0247.jpg
Sports Trading Card Set 248,CARD-0248,49.99,15,Premium sports trading card set with rare and collectible cards,100,/assets/images/sports_cards/sports_card_0248.jpg
Sports Trading Card Set 249,CARD-0249,49.99,15,Premium sports trading card set with rare and collectible cards,100,/assets/images/sports_cards/sports_card_0249.jpg
Sports Trading Card Set 250,CARD-0250,49.99,15,Premium sports trading card set with rare and collectible cards,100,/assets/images/sports_cards/sports_card_0250.jpg
Sports Trading Card Set 251,CARD-0251,49.99,15,Premium sports trading card set with rare and collectible cards,100,/assets/images/sports_cards/sports_card_0251.jpg
Sports Trading Card Set 252,CARD-0252,49.99,15,Premium sports trading card set with rare and collectible cards,100,/assets/images/sports_cards/sports_card_0252.jpg
Sports Trading Card Set 253,CARD-0253,49.99,15,Premium sports trading card set with rare and collectible cards,100,/assets/images/sports_cards/sports_card_0253.jpg
Sports Trading Card Set 254,CARD-0254,49.99,15,Premium sports trading card set with rare and collectible cards,100,/assets/images/sports_cards/sports_card_0254.jpg
Sports Trading Card Set 255,CARD-0255,49.99,15,Premium sports trading card set with rare and collectible cards,100,/assets/images/sports_cards/sports_card_0255.jpg
Sports Trading Card Set 256,CARD-0256,49.99,15,Premium sports trading card set with rare and collectible cards,100,/assets/images/sports_cards/sports_card_0256.jpg
Sports Trading Card Set 257,CARD-0257,49.99,15,Premium sports trading card set with rare and collectible cards,100,/assets/images/sports_cards/sports_card_0257.jpg
Sports Trading Card Set 258,CARD-0258,49.99,15,Premium sports trading card set with rare and collectible cards,100,/assets/images/sports_cards/sports_card_0258.jpg
Sports Trading Card Set 259,CARD-0259,49.99,15,Premium sports trading card set with rare and collectible cards,100,/assets/images/sports_cards/sports_card_0259.jpg
Sports Trading Card Set 260,CARD-0260,49.99,15,Premium sports trading card set with rare and collectible cards,100,/assets/images/sports_cards/sports_card_0260.jpg
Sports Trading Card Set 261,CARD-0261,49.99,15,Premium sports trading card set with rare and collectible cards,100,/assets/images/sports_cards/sports_card_0261.jpg
Sports Trading Card Set 262,CARD-0262,49.99,15,Premium sports trading card set with rare and collectible cards,100,/assets/images/sports_cards/sports_card_0262.jpg
Sports Trading Card Set 263,CARD-0263,49.99,15,Premium sports trading card set with rare and collectible cards,100,/assets/images/sports_cards/sports_card_0263.jpg
Sports Trading Card Set 264,CARD-0264,49.99,15,Premium sports trading card set with rare and collectible cards,100,/assets/images/sports_cards/sports_card_0264.jpg
Sports Trading Card Set 265,CARD-0265,49.99,15,Premium sports trading card set with rare and collectible cards,100,/assets/images/sports_cards/sports_card_0265.jpg
Sports Trading Card Set 266,CARD-0266,49.99,15,Premium sports trading card set with rare and collectible cards,100,/assets/images/sports_cards/sports_card_0266.jpg
Sports Trading Card Set 267,CARD-0267,49.99,15,Premium sports trading card set with rare and collectible cards,100,/assets/images/sports_cards/sports_card_0267.jpg
Sports Trading Card Set 268,CARD-0268,49.99,15,Premium sports trading card set with rare and collectible cards,100,/assets/images/sports_cards/sports_card_0268.jpg
Sports Trading Card Set 269,CARD-0269,49.99,15,Premium sports trading card set with rare and collectible cards,100,/assets/images/sports_cards/sports_card_0269.jpg
Sports Trading Card Set 270,CARD-0270,49.99,15,Premium sports trading card set with rare and collectible cards,100,/assets/images/sports_cards/sports_card_0270.jpg
Sports Trading Card Set 271,CARD-0271,49.99,15,Premium sports trading card set with rare and collectible cards,100,/assets/images/sports_cards/sports_card_0271.jpg
Sports Trading Card Set 272,CARD-0272,49.99,15,Premium sports trading card set with rare and collectible cards,100,/assets/images/sports_cards/sports_card_0272.jpg
Sports Trading Card Set 273,CARD-0273,49.99,15,Premium sports trading card set with rare and collectible cards,100,/assets/images/sports_cards/sports_card_0273.jpg
Sports Trading Card Set 274,CARD-0274,49.99,15,Premium sports trading card set with rare and collectible cards,100,/assets/images/sports_cards/sports_card_0274.jpg
Sports Trading Card Set 275,CARD-0275,49.99,15,Premium sports trading card set with rare and collectible cards,100,/assets/images/sports_cards/sports_card_0275.jpg
Sports Trading Card Set 276,CARD-0276,49.99,15,Premium sports trading card set with rare and collectible cards,100,/assets/images/sports_cards/sports_card_0276.jpg
Sports Trading Card Set 277,CARD-0277,49.99,15,Premium sports trading card set with rare and collectible cards,100,/assets/images/sports_cards/sports_card_0277.jpg
Sports Trading Card Set 278,CARD-0278,49.99,15,Premium sports trading card set with rare and collectible cards,100,/assets/images/sports_cards/sports_card_0278.jpg
Sports Trading Card Set 279,CARD-0279,49.99,15,Premium sports trading card set with rare and collectible cards,100,/assets/images/sports_cards/sports_card_0279.jpg
Sports Trading Card Set 280,CARD-0280,49.99,15,Premium sports trading card set with rare and collectible cards,100,/assets/images/sports_cards/sports_card_0280.jpg
Sports Trading Card Set 281,CARD-0281,49.99,15,Premium sports trading card set with rare and collectible cards,100,/assets/images/sports_cards/sports_card_0281.jpg
Sports Trading Card Set 282,CARD-0282,49.99,15,Premium sports trading card set with rare and collectible cards,100,/assets/images/sports_cards/sports_card_0282.jpg
Sports Trading Card Set 283,CARD-0283,49.99,15,Premium sports trading card set with rare and collectible cards,100,/assets/images/sports_cards/sports_card_0283.jpg
Sports Trading Card Set 284,CARD-0284,49.99,15,Premium sports trading card set with rare and collectible cards,100,/assets/images/sports_cards/sports_card_0284.jpg
Sports Trading Card Set 285,CARD-0285,49.99,15,Premium sports trading card set with rare and collectible cards,100,/assets/images/sports_cards/sports_card_0285.jpg
Sports Trading Card Set 286,CARD-0286,49.99,15,Premium sports trading card set with rare and collectible cards,100,/assets/images/sports_cards/sports_card_0286.jpg
Sports Trading Card Set 287,CARD-0287,49.99,15,Premium sports trading card set with rare and collectible cards,100,/assets/images/sports_cards/sports_card_0287.jpg
Sports Trading Card Set 288,CARD-0288,49.99,15,Premium sports trading card set with rare and collectible cards,100,/assets/images/sports_cards/sports_card_0288.jpg
Sports Trading Card Set 289,CARD-0289,49.99,15,Premium sports trading card set with rare and collectible cards,100,/assets/images/sports_cards/sports_card_0289.jpg
Sports Trading Card Set 290,CARD-0290,49.99,15,Premium sports trading card set with rare and collectible cards,100,/assets/images/sports_cards/sports_card_0290.jpg
Sports Trading Card Set 291,CARD-0291,49.99,15,Premium sports trading card set with rare and collectible cards,100,/assets/images/sports_cards/sports_card_0291.jpg
Sports Trading Card Set 292,CARD-0292,49.99,15,Premium sports trading card set with rare and collectible cards,100,/assets/images/sports_cards/sports_card_0292.jpg
Sports Trading Card Set 293,CARD-0293,49.99,15,Premium sports trading card set with rare and collectible cards,100,/assets/images/sports_cards/sports_card_0293.jpg
Sports Trading Card Set 294,CARD-0294,49.99,15,Premium sports trading card set with rare and collectible cards,100,/assets/images/sports_cards/sports_card_0294.jpg
Sports Trading Card Set 295,CARD-0295,49.99,15,Premium sports trading card set with rare and collectible cards,100,/assets/images/sports_cards/sports_card_0295.jpg
Sports Trading Card Set 296,CARD-0296,49.99,15,Premium sports trading card set with rare and collectible cards,100,/assets/images/sports_cards/sports_card_0296.jpg
Sports Trading Card Set 297,CARD-0297,49.99,15,Premium sports trading card set with rare and collectible cards,100,/assets/images/sports_cards/sports_card_0297.jpg
Sports Trading Card Set 298,CARD-0298,49.99,15,Premium sports trading card set with rare and collectible cards,100,/assets/images/sports_cards/sports_card_0298.jpg
Sports Trading Card Set 299,CARD-0299,49.99,15,Premium sports trading card set with rare and collectible cards,100,/assets/images/sports_cards/sports_card_0299.jpg
Sports Trading Card Set 300,CARD-0300,49.99,15,Premium sports trading card set with rare and collectible cards,100,/assets/images/sports_cards/sports_card_0300.jpg
Sports Trading Card Set 301,CARD-0301,49.99,15,Premium sports trading card set with rare and collectible cards,100,/assets/images/sports_cards/sports_card_0301.jpg
Sports Trading Card Set 302,CARD-0302,49.99,15,Premium sports trading card set with rare and collectible cards,100,/assets/images/sports_cards/sports_card_0302.jpg
Sports Trading Card Set 303,CARD-0303,49.99,15,Premium sports trading card set with rare and collectible cards,100,/assets/images/sports_cards/sports_card_0303.jpg
Sports Trading Card Set 304,CARD-0304,49.99,15,Premium sports trading card set with rare and collectible cards,100,/assets/images/sports_cards/sports_card_0304.jpg
Sports Trading Card Set 305,CARD-0305,49.99,15,Premium sports trading card set with rare and collectible cards,100,/assets/images/sports_cards/sports_card_0305.jpg
Sports Trading Card Set 306,CARD-0306,49.99,15,Premium sports trading card set with rare and collectible cards,100,/assets/images/sports_cards/sports_card_0306.jpg
Sports Trading Card Set 307,CARD-0307,49.99,15,Premium sports trading card set with rare and collectible cards,100,/assets/images/sports_cards/sports_card_0307.jpg
Sports Trading Card Set 308,CARD-0308,49.99,15,Premium sports trading card set with rare and collectible cards,100,/assets/images/sports_cards/sports_card_0308.jpg
Sports Trading Card Set 309,CARD-0309,49.99,15,Premium sports trading card set with rare and collectible cards,100,/assets/images/sports_cards/sports_card_0309.jpg
Sports Trading Card Set 310,CARD-0310,49.99,15,Premium sports trading card set with rare and collectible cards,100,/assets/images/sports_cards/sports_card_0310.jpg
Sports Trading Card Set 311,CARD-0311,49.99,15,Premium sports trading card set with rare and collectible cards,100,/assets/images/sports_cards/sports_card_0311.jpg
Sports Trading Card Set 312,CARD-0312,49.99,15,Premium sports trading card set with rare and collectible cards,100,/assets/images/sports_cards/sports_card_0312.jpg
Sports Trading Card Set 313,CARD-0313,49.99,15,Premium sports trading card set with rare and collectible cards,100,/assets/images/sports_cards/sports_card_0313.jpg
Sports Trading Card Set 314,CARD-0314,49.99,15,Premium sports trading card set with rare and collectible cards,100,/assets/images/sports_cards/sports_card_0314.jpg
Sports Trading Card Set 315,CARD-0315,49.99,15,Premium sports trading card set with rare and collectible cards,100,/assets/images/sports_cards/sports_card_0315.jpg
Sports Trading Card Set 316,CARD-0316,49.99,15,Premium sports trading card set with rare and collectible cards,100,/assets/images/sports_cards/sports_card_0316.jpg
Sports Trading Card Set 317,CARD-0317,49.99,15,Premium sports trading card set with rare and collectible cards,100,/assets/images/sports_cards/sports_card_0317.jpg
Sports Trading Card Set 318,CARD-0318,49.99,15,Premium sports trading card set with rare and collectible cards,100,/assets/images/sports_cards/sports_card_0318.jpg
Sports Trading Card Set 319,CARD-0319,49.99,15,Premium sports trading card set with rare and collectible cards,100,/assets/images/sports_cards/sports_card_0319.jpg
Sports Trading Card Set 320,CARD-0320,49.99,15,Premium sports trading card set with rare and collectible cards,100,/assets/images/sports_cards/sports_card_0320.jpg
Sports Trading Card Set 321,CARD-0321,49.99,15,Premium sports trading card set with rare and collectible cards,100,/assets/images/sports_cards/sports_card_0321.jpg
Sports Trading Card Set 322,CARD-0322,49.99,15,Premium sports trading card set with rare and collectible cards,100,/assets/images/sports_cards/sports_card_0322.jpg
Sports Trading Card Set 323,CARD-0323,49.99,15,Premium sports trading card set with rare and collectible cards,100,/assets/images/sports_cards/sports_card_0323.jpg
